yearOpened,nday,zipcode,longitude,latitude,case#
2013,15,02643,-71.08609,42.2722,101000794522
2013,15,02114,-71.064354,42.360758,101000794524
2013,15,02643,-71.16447,42.27234,101000794528
2013,16,02130,-71.105942,42.309875,101000794878
2013,16,02643,-71.13827,42.34705,101000794881
2013,16,02124,-71.05827,42.28665,101000794885
2013,16,02125,-71.06544,42.31982,101000794888
2013,17,02126,-71.081669,42.272989,101000800353
2013,17,02119,-71.074693,42.328725,101000800355
2013,17,02130,-71.10549,42.30588,101000800356
2013,17,02643,-71.010291,42.389645,101000800358
2013,17,02126,-71.10704,42.27269,101000800361
2013,17,02132,-71.16782,42.264402,101000800363
2013,17,02132,-71.164292,42.292878,101000800366
2013,17,02124,-71.06659,42.27953,101000800367
2013,17,02643,-71.06206,42.30717,101000800369
2013,17,02643,-71.16231,42.27272,101000800371
2013,17,02643,-71.16231,42.27272,101000800373
2013,17,02108,-71.058274,42.36042,101000800376
2013,17,02124,-71.06821,42.28779,101000800377
2013,19,02643,-71.0587,42.3594,101000805269
2013,19,02215,-71.09841,42.34225,101000805270
2013,19,02119,-71.082708,42.331354,101000805273
2013,19,02643,-71.07508,42.34475,101000805274
2013,19,02215,-71.09952,42.34381,101000805277
2013,19,02124,-71.06313,42.282872,101000805281
2013,19,02127,-71.043015,42.331482,101000805282
2013,20,02116,-71.07257,42.34612,101000805556
2013,20,02134,-71.12827,42.35231,101000805557
2013,20,02643,-71.071025,42.314432,101000805558
2013,20,02134,-71.12752,42.35223,101000805559
2013,20,02643,-71.06463,42.28577,101000805562
2013,20,02132,-71.1557,42.27886,101000805564
2013,20,02116,-71.072241,42.346205,101000805566
2013,20,02121,-71.078189,42.306589,101000805568
2013,20,02124,-71.07123,42.2835,101000805570
2013,20,02643,-71.056357,42.34295,101000805572
2013,20,02119,-71.07957,42.31559,101000805573
2013,20,02118,-71.07742,42.33755,101000805574
2013,20,02643,-71.06224,42.27511,101000805576
2013,20,02643,-71.06224,42.27511,101000805579
2013,20,02122,-71.06367,42.30691,101000805580
2013,20,02215,-71.09519,42.343471,101000805583
2013,20,02643,-71.0587,42.3594,101000805584
2013,21,02127,-71.04519,42.33528,101000809637
2013,21,02136,-71.132297,42.249628,101000809639
2013,21,02127,-71.036138,42.335258,101000809641
2013,21,02127,-71.036138,42.335258,101000809643
2013,21,02130,-71.10835,42.32354,101000809645
2013,21,02127,-71.05109,42.33461,101000809647
2013,21,02116,-71.068798,42.34934,101000809648
2013,21,02118,-71.073121,42.337961,101000809654
2013,21,02124,-71.09235,42.290992,101000809656
2013,22,02116,-71.06925,42.34888,101000809850
2013,22,02643,-71.14716,42.28519,101000809851
2013,22,02130,-71.10315,42.324073,101000809853
2013,22,02114,-71.06496,42.36049,101000809855
2013,22,02643,-71.16283,42.2915,101000809858
2013,22,02643,-71.0587,42.3594,101000809860
2013,22,02643,-71.134127,42.360072,101000809861
2013,22,02643,-71.06206,42.30717,101000809862
2013,22,02135,-71.14366,42.3558,101000809863
2013,22,02135,-71.14366,42.3558,101000809864
2013,22,02119,-71.08828,42.32615,101000809865
2013,22,02132,-71.16114,42.28126,101000809867
2013,23,02124,-71.06905,42.29528,101000813871
2013,23,02116,-71.07462,42.34359,101000813872
2013,23,02118,-71.074819,42.341917,101000813873
2013,23,02108,-71.05875,42.35952,101000813874
2013,23,02132,-71.16173,42.26627,101000813877
2013,23,02132,-71.15263,42.28157,101000813879
2013,23,02643,-71.0614,42.28705,101000813883
2013,23,02128,-71.03089,42.37692,101000813889
2013,24,02121,-71.092996,42.313857,101000814112
2013,24,02116,-71.07755,42.35161,101000814113
2013,24,02116,-71.07767,42.35246,101000814114
2013,24,02643,-71.09953,42.320619,101000814115
2013,24,02643,-71.09953,42.320619,101000814116
2013,24,02116,-71.0791,42.35209,101000814117
2013,24,02116,-71.07955,42.35114,101000814118
2013,24,02643,-71.099607,42.320409,101000814120
2013,24,02116,-71.08003,42.35183,101000814121
2013,24,02643,-71.099607,42.320409,101000814123
2013,24,02116,-71.08382,42.34947,101000814125
2013,24,02643,-71.11564,42.30032,101000814127
2013,24,02118,-71.08003,42.33868,101000814130
2013,25,02643,-71.10378,42.3156,101000817852
2013,25,02115,-71.085344,42.342018,101000817858
2013,25,02135,-71.15544,42.3407,101000817860
2013,25,02126,-71.10085,42.27218,101000817862
2013,25,02643,-71.116256,42.279681,101000817865
2013,25,02127,-71.03568,42.3308,101000817866
2013,25,02125,-71.05928,42.30938,101000817867
2013,26,02130,-71.11189,42.297,101000818107
2013,26,02643,-71.069754,42.31773,101000818109
2013,26,02119,-71.09348,42.3237,101000818111
2013,26,02643,-71.046745,42.336764,101000818116
2013,26,02125,-71.05734,42.30651,101000818121
2013,27,02119,-71.08485,42.32207,101000822046
2013,27,02643,-71.10644,42.27241,101000822049
2013,27,02120,-71.10902,42.32972,101000822050
2013,27,02643,-71.104275,42.315592,101000822056
2013,27,02643,-71.13558,42.35821,101000822057
2013,27,02128,-71.0029,42.38411,101000822058
2013,27,02643,-71.13527,42.358423,101000822059
2013,27,02132,-71.1617,42.27023,101000822060
2013,27,02128,-70.997772,42.383237,101000822061
2013,27,02125,-71.05582,42.31439,101000822063
2013,27,02128,-71.00947,42.386217,101000822064
2013,27,02643,-71.14144,42.28397,101000822066
2013,27,02128,-71.00882,42.3857,101000822068
2013,27,02128,-71.0068,42.38689,101000822069
2013,27,02128,-71.006441,42.387595,101000822070
2013,27,02643,-71.07128,42.34621,101000822072
2013,27,02125,-71.06744,42.30611,101000822075
2013,27,02643,-71.065146,42.273094,101000822077
2013,28,02121,-71.08967,42.3159,101000822266
2013,28,02109,-71.054358,42.3591,101000822267
2013,28,02135,-71.14727,42.34123,101000822268
2013,28,02125,-71.06761,42.31345,101000822272
2013,28,02136,-71.124802,42.251683,101000822276
2013,28,02129,-71.07581,42.38237,101000822280
2013,28,02131,-71.13719,42.28329,101000822281
2013,29,02121,-71.07715,42.30552,101000824777
2013,29,02121,-71.07715,42.30552,101000824780
2013,29,02128,-71.03705,42.3788,101000824781
2013,29,02114,-71.064943,42.359455,101000824784
2013,29,02116,-71.0587,42.3594,101000824789
2013,29,02108,-71.058274,42.36042,101000824790
2013,29,02119,-71.08003,42.32292,101000824792
2013,29,02129,-71.070713,42.385371,101000824794
2013,30,02121,-71.082363,42.297178,101000825090
2013,30,02116,-71.07237,42.348549,101000825093
2013,30,02643,-71.11896,42.30624,101000825096
2013,30,02215,-71.094489,42.347312,101000825101
2013,30,02130,-71.11359,42.31204,101000825103
2013,31,02108,-71.06567,42.35723,101000828812
2013,31,02643,-71.07131,42.3459,101000828815
2013,31,02128,-71.039589,42.377486,101000828816
2013,31,02643,-71.068853,42.271392,101000828818
2013,31,02643,-71.06938,42.28542,101000828820
2013,31,02199,-71.08384,42.34657,101000828825
2013,31,02199,-71.08384,42.34657,101000828826
2013,32,02643,-71.124757,42.266665,101000829104
2013,32,02116,-71.0724,42.34675,101000829106
2013,32,02643,-71.06459,42.37502,101000829107
2013,32,02125,-71.0554,42.3188,101000829108
2013,32,02643,-71.05505,42.28747,101000829109
2013,32,02643,-71.06967,42.34672,101000829110
2013,32,02643,-71.033443,42.364683,101000829111
2013,32,02125,-71.05498,42.31315,101000829113
2013,32,02643,-71.13782,42.34682,101000829115
2013,32,02643,-71.13782,42.34682,101000829117
2013,32,02135,-71.151457,42.346634,101000829120
2013,33,02118,-71.0637,42.34385,101000833575
2013,33,02643,-71.10029,42.27806,101000833576
2013,33,02125,-71.05692,42.3166,101000833578
2013,33,02127,-71.056519,42.342726,101000833580
2013,33,02643,-71.09953,42.320619,101000833582
2013,33,02119,-71.0587,42.3594,101000833587
2013,33,02113,-71.052983,42.366688,101000833588
2013,34,02132,-71.13871,42.29516,101000833793
2013,34,02116,-71.07582,42.35338,101000833796
2013,34,02119,-71.09348,42.33034,101000833797
2013,34,02215,-71.094144,42.346944,101000833799
2013,34,02215,-71.094144,42.346944,101000833801
2013,34,02124,-71.08408,42.28798,101000833805
2013,34,02643,-71.14771,42.27206,101000833807
2013,34,02135,-71.15249,42.34512,101000833808
2013,34,02128,-71.03897,42.37729,101000833809
2013,35,02124,-71.07351,42.28935,101000837649
2013,35,02643,-71.06383,42.32509,101000837650
2013,35,02111,-71.062401,42.349005,101000837654
2013,35,02643,-71.068853,42.271392,101000837655
2013,35,02643,-71.0587,42.3594,101000837656
2013,35,02128,-71.04018,42.37272,101000837658
2013,35,02643,-71.050254,42.363289,101000837661
2013,35,02643,-71.0587,42.3594,101000837662
2013,35,02643,-71.050254,42.363289,101000837663
2013,35,02124,-71.070338,42.290292,101000837665
2013,35,02643,-71.050254,42.363289,101000837666
2013,35,02643,-71.0587,42.3594,101000837667
2013,35,02119,-71.09502,42.3283,101000837669
2013,35,02126,-71.08272,42.26999,101000837672
2013,35,02643,-71.099495,42.320992,101000837673
2013,35,02131,-71.119144,42.296253,101000837674
2013,35,02126,-71.08272,42.26999,101000837678
2013,35,02124,-71.06773,42.28994,101000837680
2013,35,02643,-71.058252,42.287079,101000837681
2013,35,02124,-71.08269,42.2876,101000837685
2013,35,02643,-71.109291,42.324836,101000837689
2013,35,02127,-71.044963,42.332887,101000837691
2013,35,02125,-71.0674,42.31024,101000837693
2013,35,02643,-71.10403,42.34642,101000837695
2013,36,02128,-71.038468,42.365096,101000837910
2013,36,02132,-71.169823,42.275015,101000837911
2013,36,02643,-71.126595,42.286835,101000837913
2013,36,02643,-71.13529,42.358816,101000837915
2013,37,02643,-71.07165,42.34581,101000841857
2013,37,02643,-71.0587,42.3594,101000841858
2013,37,02210,-71.046974,42.35045,101000841859
2013,37,02124,-71.06322,42.29048,101000841861
2013,37,02643,-71.0587,42.3594,101000841862
2013,37,02129,-71.06459,42.37502,101000841864
2013,37,02118,-71.07429,42.34013,101000841865
2013,37,02643,-71.14701,42.27257,101000841876
2013,38,02643,-71.13579,42.35192,101000842127
2013,38,02643,-71.069754,42.31773,101000842129
2013,38,02643,-71.13404,42.36123,101000842130
2013,38,02643,-71.00086,42.38565,101000842135
2013,38,02126,-71.07812,42.27185,101000842137
2013,38,02643,-71.07311,42.3454,101000842139
2013,39,02643,-71.033226,42.364661,101000846548
2013,39,02130,-71.0587,42.3594,101000846549
2013,39,02643,-71.14277,42.25416,101000846551
2013,39,02120,-71.10934,42.33166,101000846553
2013,39,02643,-71.128665,42.289611,101000846555
2013,39,02127,-71.04643,42.33751,101000846558
2013,39,02643,-71.06967,42.34672,101000846562
2013,39,02130,-71.121398,42.321833,101000846564
2013,39,02130,-71.0587,42.3594,101000846565
2013,39,02134,-71.14181,42.353,101000846566
2013,39,02643,-71.108811,42.300998,101000846567
2013,39,02124,-71.04941,42.28039,101000846568
2013,39,02124,-71.04941,42.28039,101000846569
2013,39,02643,-71.05652,42.28762,101000846571
2013,40,02643,-71.062945,42.377939,101000846769
2013,40,02643,-71.0587,42.3594,101000846770
2013,40,02132,-71.15525,42.28503,101000846773
2013,40,02130,-71.11004,42.30416,101000846774
2013,41,02215,-71.09705,42.34254,101000850603
2013,41,02124,-71.069238,42.297902,101000850605
2013,41,02125,-71.053318,42.311633,101000850607
2013,41,02135,-71.14959,42.3384,101000850610
2013,41,02643,-71.10556,42.3123,101000850613
2013,41,02643,-71.0587,42.3594,101000850614
2013,41,02116,-71.08285,42.35019,101000850615
2013,41,02134,-71.13768,42.34806,101000850618
2013,41,02643,-71.050254,42.363289,101000850621
2013,42,02131,-71.11581,42.28742,101000850996
2013,42,02130,-71.10973,42.31637,101000850998
2013,42,02127,-71.0542,42.33612,101000851001
2013,42,02122,-71.04106,42.28639,101000851003
2013,42,02121,-71.07898,42.30734,101000851005
2013,42,02130,-71.10435,42.31997,101000851007
2013,42,02127,-71.05058,42.3328,101000851009
2013,42,02127,-71.04995,42.33261,101000851011
2013,42,02124,-71.06365,42.29091,101000851014
2013,42,02643,-71.16989,42.28102,101000851016
2013,42,02643,-71.10154,42.26478,101000851018
2013,42,02643,-71.0587,42.3594,101000851021
2013,42,02643,-71.10895,42.28604,101000851023
2013,42,02126,-71.089711,42.2821,101000851025
2013,42,02643,-71.069754,42.31773,101000851027
2013,43,02119,-71.09468,42.32038,101000855543
2013,43,02643,-71.06931,42.34901,101000855546
2013,43,02136,-71.11954,42.27048,101000855548
2013,43,02643,-71.135474,42.358845,101000855551
2013,43,02115,-71.084546,42.345902,101000855552
2013,43,02125,-71.07322,42.31236,101000855557
2013,43,02643,-71.062933,42.353458,101000855559
2013,43,02643,-71.07482,42.29737,101000855561
2013,43,02125,-71.073226,42.312365,101000855564
2013,43,02124,-71.08553,42.28665,101000855567
2013,43,02643,-71.09172,42.27247,101000855568
2013,43,02643,-71.11503,42.30015,101000855572
2013,44,02643,-71.15462,42.28863,101000855817
2013,44,02643,-71.0587,42.3594,101000855818
2013,44,02136,-71.12592,42.27132,101000855820
2013,44,02643,-71.055279,42.285483,101000855822
2013,44,02115,-71.08063,42.34387,101000855824
2013,44,02643,-71.0587,42.3594,101000855825
2013,44,02108,-71.058274,42.36042,101000855827
2013,44,02643,-71.0587,42.3594,101000855828
2013,44,02643,-71.0546,42.28586,101000855830
2013,44,02643,-71.13172,42.28616,101000855831
2013,44,02109,-71.05477,42.3678,101000855835
2013,44,02119,-71.07068,42.32936,101000855837
2013,44,02643,-71.1355,42.359238,101000855841
2013,44,02125,-71.05483,42.31642,101000855846
2013,44,02643,-71.10463,42.31531,101000855848
2013,44,02128,-71.0049,42.38754,101000855851
2013,44,02125,-71.05902,42.32189,101000855852
2013,44,02118,-71.06984,42.330696,101000855853
2013,45,02119,-71.083572,42.330336,101000860277
2013,45,02127,-71.04511,42.33414,101000860279
2013,45,02108,-71.07124,42.35747,101000860281
2013,45,02118,-71.07529,42.33678,101000860283
2013,45,02130,-71.11473,42.30601,101000860285
2013,45,02130,-71.11474,42.30604,101000860286
2013,45,02643,-71.05653,42.31208,101000860287
2013,45,02643,-71.05653,42.31208,101000860288
2013,45,02643,-70.995081,42.384556,101000860289
2013,45,02130,-71.115273,42.307917,101000860290
2013,45,02643,-71.05584,42.28372,101000860291
2013,45,02120,-71.097685,42.335061,101000860297
2013,45,02643,-71.069754,42.31773,101000860299
2013,45,02119,-71.091888,42.328472,101000860301
2013,46,02120,-71.11002,42.33254,101000860630
2013,46,02136,-71.124802,42.251683,101000860636
2013,46,02124,-71.063309,42.280867,101000860638
2013,46,02116,-71.07093,42.3464,101000860639
2013,46,02128,-71.038713,42.382127,101000860641
2013,46,02119,-71.09006,42.32718,101000860645
2013,46,02136,-71.10895,42.2629,101000860649
2013,46,02114,-71.063803,42.36044,101000860651
2013,46,02134,-71.139287,42.34773,101000860655
2013,46,02643,-71.07346,42.34565,101000860659
2013,46,02116,-71.064316,42.348943,101000860665
2013,47,02643,-71.061656,42.305093,101000865089
2013,47,02127,-71.05319,42.33566,101000865092
2013,47,02119,-71.08657,42.32648,101000865093
2013,47,02131,-71.12136,42.28598,101000865095
2013,47,02643,-71.06316,42.34259,101000865097
2013,47,02125,-71.069826,42.308073,101000865099
2013,47,02126,-71.100123,42.266916,101000865100
2013,47,02643,-71.068853,42.271392,101000865102
2013,47,02127,-71.047307,42.328774,101000865104
2013,47,02127,-71.047307,42.328774,101000865106
2013,48,02115,-71.08096,42.34363,101000865416
2013,48,02124,-71.06528,42.28114,101000865418
2013,48,02643,-71.062842,42.353067,101000865421
2013,48,02121,-71.08295,42.30287,101000865427
2013,48,02121,-71.08295,42.30287,101000865428
2013,48,02115,-71.08068,42.34391,101000865429
2013,48,02643,-71.05228,42.3541,101000865431
2013,48,02115,-71.08639,42.346522,101000865432
2013,48,02643,-71.10193,42.31884,101000865433
2013,49,02108,-71.07131,42.35745,101000869978
2013,49,02116,-71.06748,42.34949,101000869979
2013,49,02113,-71.05609,42.36393,101000869981
2013,49,02113,-71.056023,42.363908,101000869983
2013,49,02124,-71.06919,42.28711,101000869984
2013,49,02113,-71.055778,42.363986,101000869986
2013,49,02643,-71.0753,42.29759,101000869988
2013,49,02132,-71.1537,42.27938,101000869991
2013,49,02215,-71.0587,42.3594,101000869993
2013,49,02124,-71.07326,42.29379,101000869995
2013,49,02124,-71.07326,42.29379,101000869997
2013,49,02119,-71.087077,42.322478,101000870001
2013,49,02134,-71.129797,42.35245,101000870003
2013,49,02119,-71.0977,42.31439,101000870005
2013,49,02119,-71.080901,42.323127,101000870011
2013,49,02643,-71.07037,42.31594,101000870014
2013,50,02135,-71.151217,42.347708,101000870295
2013,50,02130,-71.116847,42.294521,101000870297
2013,50,02136,-71.117175,42.259883,101000870299
2013,50,02643,-71.06338,42.28578,101000870301
2013,50,02643,-71.14716,42.28519,101000870303
2013,50,02131,-71.120469,42.286779,101000870305
2013,50,02131,-71.120469,42.286779,101000870306
2013,50,02115,-71.085815,42.346408,101000870307
2013,50,02129,-71.06291,42.38011,101000870308
2013,50,02643,-71.07793,42.33079,101000870310
2013,50,02643,-71.11925,42.26219,101000870312
2013,50,02134,-71.11832,42.36002,101000870313
2013,50,02134,-71.132271,42.352827,101000870319
2013,51,02125,-71.052764,42.316419,101000873845
2013,51,02124,-71.06304,42.288037,101000873851
2013,51,02643,-71.081193,42.286393,101000873853
2013,51,02643,-71.09188,42.31423,101000873857
2013,51,02124,-71.0693,42.29467,101000873865
2013,51,02643,-71.0587,42.3594,101000873866
2013,51,02122,-71.06313,42.30298,101000873870
2013,51,02643,-71.105469,42.312467,101000873880
2013,51,02124,-71.08518,42.28675,101000873882
2013,51,02124,-71.07209,42.293658,101000873885
2013,51,02119,-71.08405,42.32832,101000873888
2013,51,02643,-71.13782,42.34682,101000873890
2013,51,02643,-71.16958,42.28121,101000873893
2013,52,02128,-71.03759,42.37884,101000874188
2013,52,02643,-71.16676,42.27693,101000874189
2013,52,02131,-71.11591,42.28171,101000874191
2013,52,02130,-71.106164,42.313168,101000874192
2013,52,02643,-71.056066,42.289279,101000874194
2013,52,02643,-71.136383,42.359395,101000874196
2013,52,02131,-71.11591,42.28171,101000874200
2013,52,02643,-71.0722,42.28477,101000874208
2013,52,02643,-71.0722,42.28477,101000874211
2013,52,02122,-71.06484,42.30481,101000874216
2013,52,02132,-71.14732,42.27597,101000874218
2013,52,02132,-71.14732,42.27597,101000874220
2013,53,02124,-71.068751,42.281532,101000878621
2013,53,02111,-71.06399,42.348048,101000878623
2013,53,02135,-71.14918,42.35528,101000878625
2013,53,02130,-71.112989,42.319566,101000878627
2013,53,02130,-71.11383,42.32181,101000878628
2013,53,02128,-71.03562,42.36919,101000878631
2013,53,02643,-71.104275,42.315592,101000878634
2013,53,02126,-71.072815,42.274644,101000878637
2013,54,02116,-71.07237,42.348549,101000878913
2013,54,02130,-71.10404,42.32139,101000878915
2013,54,02135,-71.1423,42.34105,101000878919
2013,54,02136,-71.12427,42.25598,101000878923
2013,54,02643,-71.06907,42.28505,101000878925
2013,54,02643,-71.0587,42.3594,101000878926
2013,54,02108,-71.058274,42.36042,101000878929
2013,54,02643,-71.067061,42.292034,101000878930
2013,54,02643,-71.003753,42.386286,101000878933
2013,54,02124,-71.09061,42.29125,101000878937
2013,55,02127,-71.02931,42.33334,101000883413
2013,55,02124,-71.09032,42.29157,101000883415
2013,55,02215,-71.10663,42.34826,101000883416
2013,55,02124,-71.09042,42.29146,101000883418
2013,55,02643,-71.07814,42.33062,101000883420
2013,55,02643,-71.0587,42.3594,101000883422
2013,55,02643,-71.06941,42.38112,101000883424
2013,55,02643,-71.12619,42.25758,101000883429
2013,55,02199,-71.079716,42.347446,101000883431
2013,55,02643,-71.0587,42.3594,101000883433
2013,55,02127,-71.05375,42.32978,101000883436
2013,55,02130,-71.114539,42.314626,101000883437
2013,56,02135,-71.150062,42.336329,101000883771
2013,56,02643,-71.14761,42.27121,101000883773
2013,56,02136,-71.13298,42.25386,101000883775
2013,56,02119,-71.06963,42.32283,101000883777
2013,56,02125,-71.07134,42.31198,101000883778
2013,56,02128,-71.041587,42.367103,101000883780
2013,56,02129,-71.059631,42.373017,101000883782
2013,56,02643,-71.0582,42.29069,101000883784
2013,56,02116,-71.07302,42.34671,101000883785
2013,56,02643,-71.09202,42.31457,101000883788
2013,56,02643,-71.06397,42.28563,101000883791
2013,56,02643,-71.069512,42.318285,101000883793
2013,56,02136,-71.11367,42.2661,101000883794
2013,56,02643,-71.046745,42.336764,101000883796
2013,56,02121,-71.0877,42.31641,101000883798
2013,56,02130,-71.10537,42.32246,101000883800
2013,57,02643,-71.06898,42.38121,101000888232
2013,57,02127,-71.05065,42.34068,101000888235
2013,57,02127,-71.050642,42.340446,101000888236
2013,57,02643,-71.125035,42.250617,101000888239
2013,57,02131,-71.12279,42.27397,101000888241
2013,57,02643,-71.069402,42.380771,101000888242
2013,57,02643,-71.06511,42.28895,101000888245
2013,57,02643,-71.06511,42.28895,101000888246
2013,57,02643,-71.05621,42.2896,101000888247
2013,57,02643,-71.06702,42.31601,101000888249
2013,58,02132,-71.14946,42.2784,101000888489
2013,58,02643,-71.0587,42.3594,101000888490
2013,58,02132,-71.15088,42.29215,101000888493
2013,58,02111,-71.05918,42.35268,101000888496
2013,58,02643,-71.06885,42.38135,101000888498
2013,58,02127,-71.051113,42.33182,101000888500
2013,58,02643,-71.07293,42.34551,101000888502
2013,58,02129,-71.06137,42.37294,101000888503
2013,58,02119,-71.08893,42.31968,101000888505
2013,59,02134,-71.125319,42.352834,101000893381
2013,59,02643,-71.136945,42.349381,101000893384
2013,59,02118,-71.07015,42.34198,101000893386
2013,59,02131,-71.13514,42.28528,101000893387
2013,59,02643,-71.1272,42.35435,101000893388
2013,59,02127,-71.03572,42.3349,101000893389
2013,59,02643,-71.113872,42.320898,101000893390
2013,59,02643,-71.093361,42.350379,101000893404
2013,59,02124,-71.07327,42.29225,101000893406
2013,59,02124,-71.07327,42.29225,101000893408
2013,59,02135,-71.16585,42.35197,101000893409
2013,60,02108,-71.06235,42.35938,101000893696
2013,60,02125,-71.05465,42.32176,101000893698
2013,60,02643,-71.07517,42.34517,101000893700
2013,60,02643,-71.0587,42.3594,101000893701
2013,60,02130,-71.11517,42.31659,101000893704
2013,60,02643,-71.05625,42.31157,101000893706
2013,60,02643,-71.07068,42.32239,101000893708
2013,60,02130,-71.11411,42.32268,101000893709
2013,60,02122,-71.05022,42.301,101000893710
2013,60,02643,-71.0587,42.3594,101000893714
2013,60,02131,-71.133001,42.275953,101000893716
2013,60,02131,-71.13278,42.27594,101000893718
2013,61,02122,-71.04549,42.2852,101000898535
2013,61,02122,-71.049457,42.288704,101000898537
2013,61,02124,-71.089638,42.290903,101000898539
2013,61,02643,-71.08633,42.2805,101000898541
2013,61,02215,-71.09348,42.34855,101000898543
2013,61,02131,-71.13055,42.27639,101000898549
2013,61,02643,-71.08633,42.2805,101000898550
2013,61,02131,-71.12295,42.27742,101000898559
2013,62,02643,-71.0587,42.3594,101000898825
2013,62,02135,-71.14531,42.34323,101000898826
2013,62,02643,-71.12627,42.25915,101000898830
2013,62,02136,-71.13234,42.25417,101000898831
2013,62,02643,-71.0587,42.3594,101000898833
2013,62,02131,-71.139,42.27985,101000898834
2013,62,02130,-71.099053,42.32309,101000898840
2013,62,02130,-71.107891,42.32454,101000898845
2013,62,02121,-71.08904,42.31037,101000898846
2013,62,02132,-71.1566,42.29272,101000898853
2013,62,02132,-71.16302,42.27972,101000898854
2013,62,02128,-71.00998,42.39331,101000898856
2013,62,02643,-71.12671,42.28691,101000898858
2013,63,02643,-71.138271,42.300336,101000903896
2013,63,02116,-71.07166,42.35193,101000903898
2013,63,02122,-71.05981,42.29727,101000903900
2013,63,02643,-71.05597,42.29513,101000903901
2013,63,02643,-71.06448,42.28856,101000903903
2013,63,02643,-71.08283,42.342072,101000903905
2013,63,02122,-71.05292,42.29452,101000903906
2013,63,02122,-71.0646,42.3029,101000903908
2013,63,02127,-71.03648,42.33717,101000903911
2013,63,02125,-71.06009,42.31284,101000903914
2013,63,02130,-71.10365,42.31764,101000903918
2013,63,02135,-71.15539,42.33969,101000903921
2013,63,02126,-71.09384,42.28662,101000903923
2013,63,02130,-71.10403,42.32106,101000903927
2013,63,02108,-71.06258,42.35857,101000903929
2013,63,02108,-71.06258,42.35857,101000903931
2013,64,02643,-71.069276,42.317903,101000904187
2013,64,02128,-71.03859,42.3698,101000904193
2013,64,02126,-71.09214,42.27271,101000904195
2013,64,02643,-71.06229,42.37762,101000904197
2013,64,02121,-71.08368,42.30827,101000904199
2013,64,02130,-71.10861,42.32339,101000904200
2013,64,02113,-71.0559,42.36434,101000904201
2013,64,02643,-71.16116,42.27723,101000904206
2013,64,02127,-71.0438,42.33705,101000904210
2013,64,02126,-71.09578,42.2682,101000904212
2013,65,02124,-71.067541,42.273506,101000909418
2013,65,02108,-71.05875,42.35952,101000909419
2013,65,02643,-71.13529,42.358816,101000909421
2013,65,02126,-71.09831,42.26908,101000909424
2013,65,02643,-71.10404,42.31534,101000909425
2013,65,02126,-71.09831,42.26908,101000909426
2013,65,02643,-71.13738,42.24697,101000909427
2013,65,02643,-71.13738,42.24697,101000909428
2013,65,02643,-71.067925,42.336512,101000909429
2013,65,02643,-71.10154,42.26478,101000909430
2013,65,02643,-71.0647,42.28859,101000909432
2013,65,02643,-71.166944,42.351966,101000909436
2013,65,02643,-71.166944,42.351966,101000909437
2013,65,02126,-71.10271,42.26382,101000909439
2013,65,02124,-71.07283,42.289223,101000909441
2013,65,02124,-71.07283,42.289223,101000909445
2013,65,02131,-71.12258,42.27396,101000909447
2013,66,02131,-71.11916,42.28189,101000909691
2013,66,02124,-71.08191,42.29502,101000909695
2013,66,02135,-71.14485,42.34312,101000909696
2013,66,02125,-71.06392,42.31249,101000909700
2013,66,02643,-71.06383,42.32509,101000909702
2013,66,02110,-71.052185,42.360996,101000909706
2013,67,02215,-71.0587,42.3594,101000914757
2013,67,02110,-71.05804,42.3562,101000914760
2013,67,02643,-71.13559,42.35888,101000914762
2013,67,02120,-71.099143,42.331376,101000914763
2013,67,02643,-71.13559,42.35888,101000914765
2013,67,02643,-71.14778,42.27129,101000914766
2013,67,02643,-71.14778,42.27129,101000914768
2013,67,02118,-71.08122,42.341355,101000914769
2013,67,02136,-71.1316,42.23257,101000914771
2013,67,02125,-71.07769,42.31628,101000914773
2013,67,02643,-71.06141,42.28677,101000914774
2013,67,02128,-71.037921,42.367264,101000914777
2013,68,02119,-71.070209,42.322654,101000915323
2013,68,02643,-71.10134,42.27703,101000915325
2013,68,02127,-71.02981,42.33728,101000915326
2013,68,02130,-71.11411,42.31646,101000915328
2013,68,02127,-71.02981,42.33728,101000915331
2013,68,02127,-71.02981,42.33728,101000915332
2013,68,02121,-71.07824,42.30872,101000915334
2013,68,02115,-71.08743,42.34896,101000915335
2013,68,02115,-71.08671,42.34916,101000915336
2013,68,02115,-71.08628,42.34925,101000915337
2013,68,02643,-71.06995,42.31641,101000915339
2013,68,02121,-71.081091,42.307076,101000915341
2013,68,02129,-71.05948,42.372416,101000915342
2013,68,02128,-71.03641,42.36952,101000915344
2013,68,02127,-71.04744,42.33783,101000915346
2013,68,02127,-71.03465,42.33379,101000915347
2013,68,02113,-71.056042,42.365667,101000915349
2013,68,02113,-71.05497,42.36661,101000915351
2013,68,02127,-71.03507,42.33185,101000915354
2013,68,02127,-71.03506,42.33171,101000915355
2013,68,02643,-71.05354,42.34137,101000915356
2013,68,02132,-71.0587,42.3594,101000915358
2013,68,02132,-71.0587,42.3594,101000915361
2013,68,02643,-71.16392,42.2724,101000915362
2013,68,02215,-71.09783,42.34241,101000915363
2013,68,02128,-71.038445,42.367222,101000915365
2013,68,02132,-71.0587,42.3594,101000915367
2013,68,02120,-71.099257,42.331421,101000915370
2013,68,02127,-71.03506,42.33171,101000915372
2013,68,02643,-71.0671,42.30927,101000915375
2013,68,02643,-71.122623,42.359963,101000915376
2013,68,02108,-71.06892,42.35735,101000915378
2013,69,02135,-71.16259,42.35448,101000920724
2013,69,02122,-71.05853,42.29558,101000920734
2013,69,02122,-71.059259,42.29797,101000920736
2013,69,02643,-71.15684,42.35244,101000920738
2013,69,02136,-71.127794,42.267349,101000920739
2013,69,02643,-71.15684,42.35244,101000920740
2013,69,02114,-71.07057,42.36065,101000920744
2013,69,02115,-71.10736,42.33467,101000920749
2013,69,02643,-71.11857,42.3096,101000920750
2013,69,02122,-71.06815,42.30437,101000920752
2013,69,02119,-71.07776,42.32642,101000920754
2013,70,02136,-71.12043,42.24435,101000921111
2013,70,02122,-71.05194,42.29438,101000921113
2013,70,02199,-71.081457,42.347296,101000921115
2013,70,02130,-71.11712,42.29141,101000921117
2013,70,02131,-71.13031,42.27624,101000921123
2013,70,02119,-71.07925,42.32745,101000921125
2013,70,02119,-71.07918,42.3279,101000921127
2013,70,02643,-71.14662,42.28511,101000921129
2013,70,02135,-71.14717,42.33775,101000921130
2013,70,02118,-71.070256,42.342739,101000921132
2013,70,02643,-71.054567,42.342447,101000921133
2013,71,02127,-71.03803,42.33514,101000926977
2013,71,02643,-71.06189,42.27478,101000926982
2013,71,02124,-71.062362,42.296224,101000926983
2013,71,02120,-71.1005,42.33244,101000926985
2013,71,02120,-71.1005,42.33244,101000926987
2013,71,02643,-71.16373,42.29015,101000926994
2013,71,02110,-71.05029,42.36392,101000926996
2013,71,02125,-71.05793,42.31329,101000926999
2013,71,02136,-71.12633,42.26397,101000927001
2013,71,02127,-71.05325,42.33218,101000927004
2013,71,02127,-71.05325,42.33218,101000927006
2013,71,02643,-71.07808,42.32098,101000927007
2013,71,02115,-71.107472,42.337841,101000927008
2013,72,02119,-71.093956,42.330371,101000927263
2013,72,02643,-71.050254,42.363289,101000927269
2013,72,02643,-71.053166,42.300276,101000927270
2013,72,02643,-71.050254,42.363289,101000927272
2013,72,02125,-71.077674,42.317964,101000927275
2013,72,02131,-71.1186,42.2789,101000927278
2013,72,02643,-71.07453,42.34535,101000927280
2013,72,02643,-71.06671,42.28424,101000927281
2013,72,02129,-71.074126,42.383298,101000927282
2013,72,02215,-71.097028,42.342491,101000927285
2013,72,02131,-71.11954,42.29195,101000927290
2013,72,02125,-71.077675,42.317944,101000927294
2013,72,02119,-71.08645,42.32679,101000927298
2013,73,02215,-71.09728,42.34297,101000931515
2013,73,02118,-71.06907,42.34456,101000931517
2013,73,02135,-71.15079,42.3451,101000931518
2013,73,02215,-71.08994,42.34968,101000931520
2013,73,02643,-71.13361,42.29055,101000931521
2013,73,02120,-71.1046,42.331046,101000931522
2013,73,02643,-71.05233,42.3406,101000931523
2013,73,02109,-71.05178,42.367392,101000931528
2013,73,02126,-71.10108,42.268429,101000931530
2013,73,02126,-71.10108,42.268429,101000931534
2013,73,02643,-71.07734,42.295837,101000931536
2013,73,02643,-71.069407,42.317582,101000931537
2013,73,02131,-71.123512,42.292704,101000931542
2013,73,02125,-71.070408,42.31213,101000931544
2013,74,02134,-71.135716,42.36175,101000931844
2013,74,02125,-71.06377,42.3107,101000931848
2013,74,02125,-71.06377,42.3107,101000931849
2013,74,02643,-71.057146,42.310494,101000931850
2013,74,02109,-71.05205,42.36667,101000931852
2013,74,02127,-71.05583,42.32985,101000931854
2013,74,02130,-71.10284,42.30848,101000931858
2013,74,02643,-71.06889,42.27538,101000931862
2013,75,02643,-71.0587,42.3594,101000936088
2013,75,02125,-71.045661,42.321252,101000936089
2013,75,02643,-71.14835,42.28411,101000936091
2013,75,02121,-71.07372,42.30018,101000936093
2013,75,02121,-71.07372,42.30018,101000936094
2013,75,02125,-71.06428,42.31558,101000936097
2013,76,02113,-71.0546,42.362686,101000936355
2013,76,02130,-71.11465,42.321,101000936357
2013,76,02111,-71.061999,42.349909,101000936360
2013,76,02643,-71.07031,42.28315,101000936361
2013,76,02119,-71.08216,42.32955,101000936363
2013,76,02643,-71.0587,42.3594,101000936365
2013,76,02643,-71.0587,42.3594,101000936366
2013,76,02643,-71.086375,42.326538,101000936371
2013,76,02643,-71.0587,42.3594,101000936375
2013,77,02116,-71.08404,42.34944,101000940795
2013,77,02116,-71.07133,42.34671,101000940796
2013,77,02215,-71.095883,42.34332,101000940797
2013,77,02215,-71.095706,42.343364,101000940798
2013,77,02127,-71.03829,42.33539,101000940805
2013,78,02108,-71.060233,42.359826,101000940999
2013,78,02643,-71.062945,42.377939,101000941001
2013,78,02136,-71.12644,42.25957,101000941003
2013,78,02122,-71.041015,42.288271,101000941005
2013,78,02122,-71.041015,42.288271,101000941007
2013,78,02643,-71.050254,42.363289,101000941011
2013,78,02122,-71.041015,42.288271,101000941014
2013,78,02127,-71.04489,42.33286,101000941015
2013,78,02643,-71.00391,42.38675,101000941017
2013,79,02136,-71.1341,42.25065,101000945574
2013,79,02119,-71.07549,42.326442,101000945579
2013,79,02130,-71.116847,42.294521,101000945581
2013,79,02127,-71.05506,42.34242,101000945583
2013,80,02136,-71.11716,42.25989,101000945801
2013,80,02643,-71.05669,42.29039,101000945803
2013,80,02118,-71.0587,42.3594,101000945806
2013,81,02215,-71.102755,42.344534,101000949433
2013,81,02128,-71.002012,42.391968,101000949435
2013,81,02115,-71.084719,42.348776,101000949437
2013,81,02124,-71.06008,42.29111,101000949438
2013,81,02128,-71.002012,42.391968,101000949439
2013,81,02215,-71.089578,42.350505,101000949441
2013,81,02118,-71.07891,42.34227,101000949444
2013,81,02643,-71.062842,42.353067,101000949446
2013,81,02215,-71.0587,42.3594,101000949448
2013,81,02125,-71.05631,42.31005,101000949450
2013,81,02119,-71.07133,42.3262,101000949452
2013,81,02124,-71.08208,42.28269,101000949454
2013,82,02129,-71.07959,42.383,101000949802
2013,82,02125,-71.06801,42.31286,101000949805
2013,82,02114,-71.061391,42.364533,101000949808
2013,83,02121,-71.0831,42.3093,101000954356
2013,83,02130,-71.11872,42.30897,101000954357
2013,83,02127,-71.03501,42.33583,101000954358
2013,83,02130,-71.11725,42.29097,101000954359
2013,83,02124,-71.101038,42.284681,101000954360
2013,83,02643,-71.062842,42.353067,101000954362
2013,83,02643,-71.062842,42.353067,101000954364
2013,83,02136,-71.11247,42.26065,101000954366
2013,83,02125,-71.05498,42.31975,101000954367
2013,83,02643,-71.06227,42.32565,101000954368
2013,84,02127,-71.05272,42.32409,101000954596
2013,84,02127,-71.013234,42.338836,101000954599
2013,84,02643,-71.06316,42.34259,101000954601
2013,84,02643,-71.0587,42.3594,101000954602
2013,84,02136,-71.12155,42.24882,101000954604
2013,84,02121,-71.08008,42.30357,101000954606
2013,84,02116,-71.064128,42.351234,101000954608
2013,84,02643,-71.12842,42.28982,101000954610
2013,84,02643,-71.12842,42.28982,101000954612
2013,84,02116,-71.064128,42.351234,101000954614
2013,84,02113,-71.058137,42.365648,101000954616
2013,84,02119,-71.097779,42.314998,101000954618
2013,84,02124,-71.07656,42.29599,101000954620
2013,84,02643,-71.111549,42.271961,101000954623
2013,84,02135,-71.15148,42.34487,101000954624
2013,84,02118,-71.07235,42.343801,101000954626
2013,84,02643,-71.062191,42.344855,101000954628
2013,84,02134,-71.129151,42.359222,101000954630
2013,84,02130,-71.10859,42.32217,101000954634
2013,84,02118,-71.07965,42.34259,101000954636
2013,84,02130,-71.10859,42.32217,101000954638
2013,84,02643,-71.05139,42.33977,101000954640
2013,84,02643,-71.050254,42.363289,101000954642
2013,84,02643,-71.050254,42.363289,101000954643
2013,84,02125,-71.0736,42.31349,101000954645
2013,84,02643,-71.114144,42.275785,101000954647
2013,84,02121,-71.08283,42.31577,101000954649
2013,84,02124,-71.08818,42.28718,101000954650
2013,84,02108,-71.066403,42.357559,101000954652
2013,84,02108,-71.066403,42.357559,101000954653
2013,84,02643,-71.069742,42.38168,101000954657
2013,85,02643,-71.135822,42.358923,101000958791
2013,85,02643,-71.0665,42.28812,101000958793
2013,85,02118,-71.076869,42.338714,101000958795
2013,85,02119,-71.09307,42.31954,101000958797
2013,85,02119,-71.09307,42.31954,101000958798
2013,85,02130,-71.10305,42.30583,101000958802
2013,85,02127,-71.0258,42.33511,101000958805
2013,85,02643,-71.10384,42.34599,101000958809
2013,85,02130,-71.11558,42.32163,101000958811
2013,86,02122,-71.06289,42.30003,101000959108
2013,86,02125,-71.0539,42.31659,101000959110
2013,86,02127,-71.0502,42.33993,101000959113
2013,86,02125,-71.072669,42.32094,101000959115
2013,86,02643,-71.109605,42.317557,101000959117
2013,86,02129,-71.0615,42.38033,101000959120
2013,86,02135,-71.15909,42.35244,101000959121
2013,86,02124,-71.07676,42.2903,101000959124
2013,87,02130,-71.1142,42.29838,101000962908
2013,87,02135,-71.161386,42.355161,101000962910
2013,87,02111,-71.059999,42.35052,101000962912
2013,87,02111,-71.059999,42.35052,101000962914
2013,87,02116,-71.07703,42.35175,101000962915
2013,87,02643,-71.056827,42.34083,101000962920
2013,87,02643,-71.0587,42.3594,101000962922
2013,87,02643,-71.06671,42.28424,101000962924
2013,87,02643,-71.06671,42.28424,101000962926
2013,87,02643,-71.06671,42.28424,101000962928
2013,88,02643,-71.054562,42.340433,101000963175
2013,88,02126,-71.091829,42.274307,101000963176
2013,88,02643,-71.099358,42.330275,101000963177
2013,88,02643,-71.050254,42.363289,101000963178
2013,88,02126,-71.08475,42.27194,101000963181
2013,88,02126,-71.08475,42.27194,101000963182
2013,88,02125,-71.07073,42.31993,101000963184
2013,89,02643,-71.06738,42.27184,101000966473
2013,89,02135,-71.149489,42.34552,101000966475
2013,89,02111,-71.0587,42.3594,101000966477
2013,89,02120,-71.10373,42.33141,101000966478
2013,89,02643,-71.057146,42.310494,101000966480
2013,89,02124,-71.079672,42.289007,101000966482
2013,89,02122,-71.048719,42.284095,101000966484
2013,89,02643,-71.141302,42.34394,101000966485
2013,89,02643,-71.14277,42.25416,101000966486
2013,89,02114,-71.06762,42.3597,101000966488
2013,89,02643,-71.0629,42.38102,101000966489
2013,89,02116,-71.0807,42.35163,101000966490
2013,89,02129,-71.06555,42.3798,101000966492
2013,89,02114,-71.07025,42.35974,101000966497
2013,89,02120,-71.0587,42.3594,101000966499
2013,89,02135,-71.15403,42.33978,101000966501
2013,90,02127,-71.0432,42.33148,101000966836
2013,90,02643,-71.0582,42.29069,101000966838
2013,90,02643,-71.072475,42.354895,101000966840
2013,90,02111,-71.0587,42.3594,101000966850
2013,90,02122,-71.05167,42.29485,101000966852
2013,90,02643,-71.0587,42.3594,101000966854
2013,90,02124,-71.07709,42.28759,101000966856
2013,90,02643,-71.153294,42.351904,101000966858
2013,90,02643,-71.050254,42.363289,101000966862
2013,90,02127,-71.0432,42.33148,101000966863
2013,90,02127,-71.0432,42.33148,101000966864
2013,91,02643,-71.063281,42.325094,101000970579
2013,91,02643,-71.063281,42.325094,101000970581
2013,91,02121,-71.08627,42.31556,101000970583
2013,91,02130,-71.11365,42.30439,101000970585
2013,91,02131,-71.12574,42.28843,101000970587
2013,91,02125,-71.06277,42.31902,101000970591
2013,91,02126,-71.09206,42.27127,101000970595
2013,91,02127,-71.02912,42.33787,101000970597
2013,91,02643,-71.06575,42.37461,101000970604
2013,91,02124,-71.080278,42.295294,101000970606
2013,93,02643,-71.16124,42.27624,101000973867
2013,93,02643,-71.00548,42.38831,101000973869
2013,93,02135,-71.14114,42.349228,101000973871
2013,93,02108,-71.0579,42.360116,101000973872
2013,93,02643,-71.12683,42.35435,101000973875
2013,93,02121,-71.079,42.30626,101000973877
2013,93,02643,-71.16883,42.28854,101000973879
2013,94,02131,-71.11916,42.27726,101000974116
2013,94,02131,-71.139,42.27985,101000974119
2013,94,02126,-71.08914,42.28223,101000974121
2013,94,02119,-71.06951,42.32284,101000974123
2013,94,02124,-71.06479,42.28986,101000974124
2013,94,02643,-71.06934,42.38115,101000974125
2013,94,02643,-71.06101,42.30472,101000974126
2013,94,02114,-71.06893,42.360938,101000974132
2013,94,02135,-71.162404,42.347918,101000974136
2013,95,02130,-71.10164,42.31532,101000978028
2013,95,02130,-71.106253,42.301536,101000978030
2013,95,02643,-71.104639,42.313129,101000978032
2013,95,02131,-71.123229,42.293014,101000978034
2013,95,02126,-71.08896,42.28189,101000978037
2013,95,02643,-71.102149,42.317155,101000978038
2013,95,02643,-71.134127,42.360072,101000978040
2013,95,02121,-71.077829,42.310909,101000978041
2013,96,02121,-71.07334,42.30453,101000978229
2013,96,02131,-71.13468,42.29401,101000978231
2013,96,02215,-71.09371,42.34819,101000978235
2013,96,02129,-71.0628,42.37575,101000978236
2013,96,02125,-71.07026,42.31159,101000978239
2013,96,02643,-71.07601,42.31465,101000978241
2013,96,02643,-71.1669,42.28693,101000978243
2013,96,02131,-71.13388,42.29306,101000978245
2013,97,02122,-71.06411,42.3035,101000981178
2013,97,02643,-71.07556,42.38745,101000981180
2013,97,02643,-71.07556,42.38745,101000981181
2013,97,02643,-71.07556,42.38745,101000981182
2013,97,02643,-71.07556,42.38745,101000981183
2013,97,02643,-71.07556,42.38745,101000981184
2013,97,02126,-71.08737,42.28082,101000981186
2013,97,02126,-71.09562,42.28169,101000981188
2013,97,02643,-71.062842,42.353067,101000981190
2013,97,02643,-71.062842,42.353067,101000981191
2013,97,02131,-71.120582,42.278425,101000981193
2013,97,02215,-71.103688,42.350442,101000981194
2013,97,02643,-71.062842,42.353067,101000981196
2013,97,02131,-71.120582,42.278425,101000981198
2013,97,02131,-71.120582,42.278425,101000981200
2013,97,02215,-71.103688,42.350442,101000981201
2013,97,02124,-71.09139,42.28632,101000981203
2013,97,02643,-71.062842,42.353067,101000981204
2013,98,02130,-71.106539,42.31043,101000981477
2013,98,02126,-71.08868,42.27055,101000981479
2013,98,02130,-71.09819,42.31209,101000981481
2013,98,02130,-71.09819,42.31209,101000981483
2013,98,02643,-71.055599,42.287679,101000981485
2013,98,02129,-71.0587,42.3594,101000981487
2013,98,02136,-71.132299,42.237125,101000981489
2013,98,02467,-71.14189,42.29943,101000981491
2013,98,02119,-71.09669,42.31421,101000981493
2013,98,02120,-71.111403,42.331073,101000981495
2013,98,02124,-71.06724,42.28938,101000981497
2013,98,02131,-71.12917,42.27556,101000981499
2013,98,02643,-71.050254,42.363289,101000981500
2013,98,02643,-71.050254,42.363289,101000981501
2013,98,02121,-71.0587,42.3594,101000981503
2013,98,02121,-71.0587,42.3594,101000981505
2013,98,02643,-71.07028,42.38234,101000981507
2013,98,02124,-71.0587,42.3594,101000981509
2013,98,02643,-71.11625,42.30715,101000981511
2013,98,02132,-71.15777,42.27909,101000981513
2013,98,02643,-71.060151,42.374338,101000981517
2013,98,02119,-71.07008,42.32299,101000981519
2013,98,02132,-71.15777,42.27909,101000981520
2013,98,02110,-71.051129,42.359417,101000981522
2013,98,02122,-71.05475,42.28673,101000981524
2013,98,02124,-71.07528,42.28254,101000981526
2013,98,02134,-71.14231,42.35346,101000981528
2013,98,02108,-71.06084,42.35845,101000981530
2013,98,02643,-71.13432,42.35899,101000981532
2013,98,02136,-71.13331,42.25074,101000981534
2013,98,02643,-71.06206,42.30717,101000981536
2013,98,02643,-71.050254,42.363289,101000981538
2013,98,02128,-71.035124,42.379181,101000981540
2013,98,02215,-71.098289,42.344744,101000981542
2013,99,02124,-71.071585,42.282337,101000989471
2013,99,02131,-71.13894,42.27545,101000989473
2013,99,02127,-71.05288,42.3405,101000989475
2013,99,02127,-71.05288,42.3405,101000989477
2013,99,02643,-71.056147,42.28945,101000989479
2013,99,02126,-71.09578,42.2682,101000989481
2013,99,02643,-71.07569,42.34466,101000989483
2013,99,02643,-71.07501,42.38717,101000989484
2013,99,02643,-71.135823,42.350918,101000989486
2013,99,02118,-71.08196,42.338067,101000989488
2013,99,02118,-71.08196,42.338067,101000989489
2013,99,02120,-71.096703,42.335964,101000989492
2013,99,02110,-71.05201,42.35736,101000989493
2013,99,02110,-71.05201,42.35736,101000989494
2013,99,02130,-71.106253,42.301536,101000989495
2013,99,02135,-71.147645,42.344729,101000989496
2013,99,02215,-71.09012,42.34943,101000989498
2013,99,02643,-71.10193,42.31884,101000989500
2013,99,02643,-71.049447,42.349446,101000989501
2013,99,02120,-71.083734,42.338159,101000989503
2013,99,02643,-71.10238,42.31696,101000989505
2013,100,02643,-71.06296,42.27444,101000989809
2013,100,02122,-71.0608,42.30422,101000989812
2013,100,02127,-71.04132,42.33571,101000989817
2013,101,02643,-71.01847,42.38573,101000992308
2013,101,02135,-71.153797,42.356597,101000992310
2013,101,02135,-71.153797,42.356597,101000992312
2013,101,02129,-71.059625,42.375811,101000992318
2013,101,02126,-71.09704,42.26492,101000992322
2013,101,02131,-71.11844,42.28612,101000992325
2013,101,02643,-71.13554,42.35116,101000992327
2013,102,02118,-71.066404,42.34485,101000992562
2013,102,02116,-71.07781,42.35285,101000992564
2013,102,02115,-71.088124,42.348782,101000992565
2013,102,02126,-71.098,42.26676,101000992566
2013,102,02120,-71.10378,42.327729,101000992569
2014,-1,02118,-71.0716,42.34262,101000996954
2014,-1,02126,-71.09274,42.27622,101000996956
2014,-1,02127,-71.0364,42.33408,101000996958
2014,-1,02127,-71.04635,42.33764,101000996960
2014,-1,02118,-71.07154,42.34257,101000996961
2014,-1,02135,-71.15038,42.33976,101000996963
2014,-1,02127,-71.05442,42.33024,101000996965
2014,-1,02128,-71.03306,42.37055,101000996966
2014,-1,02643,-71.068086,42.280245,101000996968
2014,-1,02643,-71.12561,42.24254,101000996970
2014,-1,02122,-71.0507,42.28575,101000996971
2014,-1,02643,-71.12906,42.26772,101000996973
2014,-1,02128,-71.01141,42.38485,101000996975
2014,-1,02127,-71.04074,42.33604,101000996978
2014,-1,02135,-71.15982,42.34176,101000996980
2014,-1,02130,-71.10182,42.3135,101000996981
2014,-1,02643,-71.06166,42.37738,101000996983
2014,-1,02643,-71.135822,42.358923,101000996985
2014,-1,02129,-71.079564,42.382767,101000996986
2014,-1,02127,-71.04743,42.3369,101000996989
2014,-1,02132,-71.16559,42.27017,101000996990
2014,-1,02643,-71.15061,42.28273,101000996991
2014,-1,02130,-71.110167,42.326777,101000996993
2014,-1,02129,-71.079569,42.382744,101000996994
2014,-1,02135,-71.14424,42.34032,101000996995
2014,-1,02124,-71.059316,42.282538,101000996997
2014,-1,02643,-71.11596,42.30709,101000996999
2014,-1,02128,-71.03814,42.37964,101000997001
2014,-1,02128,-71.03814,42.37964,101000997003
2014,-1,02643,-71.141442,42.34384,101000997004
2014,-1,02643,-71.10556,42.3123,101000997006
2014,-1,02129,-71.06248,42.378344,101000997008
2014,-1,02122,-71.06403,42.30598,101000997010
2014,-1,02127,-71.04884,42.33208,101000997012
2014,-1,02128,-71.03855,42.37977,101000997014
2014,-1,02130,-71.11519,42.29705,101000997017
2014,-1,02643,-71.080786,42.287289,101000997019
2014,-1,02119,-71.08302,42.33147,101000997021
2014,-1,02130,-71.10403,42.32106,101000997023
2014,0,02130,-71.1217,42.30822,101000997999
2014,0,02131,-71.120582,42.278425,101000998001
2014,0,02136,-71.12382,42.258365,101000998002
2014,0,02643,-71.12802,42.26826,101000998005
2014,0,02131,-71.12038,42.27472,101000998006
2014,0,02115,-71.085931,42.348013,101000998008
2014,0,02643,-71.069338,42.33676,101000998012
2014,0,02114,-71.066858,42.360986,101000998014
2014,0,02125,-71.06457,42.31807,101000998015
2014,0,02118,-71.0587,42.3594,101000998017
2014,0,02122,-71.05646,42.29558,101000998019
2014,0,02131,-71.11708,42.28595,101000998020
2014,0,02136,-71.12436,42.2676,101000998022
2014,0,02118,-71.08091,42.33946,101000998023
2014,0,02643,-71.122,42.31197,101000998026
2014,0,02114,-71.063808,42.360498,101000998027
2014,0,02116,-71.07305,42.34591,101000998030
2014,0,02121,-71.08203,42.3008,101000998035
2014,0,02643,-71.068853,42.271392,101000998038
2014,0,02135,-71.1526,42.33774,101000998041
2014,0,02643,-71.06094,42.3045,101000998043
2014,0,02116,-71.07305,42.34591,101000998045
2014,0,02126,-71.11074,42.27118,101000998046
2014,0,02215,-71.09421,42.34936,101000998047
2014,0,02127,-71.04846,42.33394,101000998049
2014,0,02125,-71.07245,42.31831,101000998051
2014,0,02119,-71.067505,42.325363,101000998052
2014,0,02119,-71.0957,42.31411,101000998054
2014,0,02130,-71.12493,42.30498,101000998056
2014,0,02643,-71.1353,42.35919,101000998057
2014,0,02135,-71.14474,42.3416,101000998059
2014,1,02116,-71.07528,42.34646,101001002646
2014,1,02643,-71.141442,42.34384,101001002648
2014,1,02121,-71.09202,42.31457,101001002650
2014,1,02135,-71.17274,42.34928,101001002651
2014,1,02134,-71.13733,42.34878,101001002653
2014,1,02124,-71.08793,42.2959,101001002655
2014,1,02134,-71.13733,42.34878,101001002657
2014,1,02108,-71.067341,42.35841,101001002658
2014,1,02131,-71.135679,42.294296,101001002659
2014,1,02125,-71.05602,42.31996,101001002661
2014,1,02108,-71.06847,42.35855,101001002662
2014,1,02643,-71.07441,42.29749,101001002664
2014,1,02113,-71.05742,42.36402,101001002668
2014,1,02215,-71.09341,42.34961,101001002670
2014,1,02643,-71.126595,42.286835,101001002672
2014,2,02126,-71.08507,42.27171,101001003043
2014,2,02135,-71.140102,42.349009,101001003045
2014,2,02135,-71.14774,42.33834,101001003046
2014,2,02643,-71.106175,42.311008,101001003047
2014,2,02125,-71.05906,42.31608,101001003048
2014,2,02126,-71.0918,42.26987,101001003050
2014,2,02126,-71.09392,42.27722,101001003051
2014,2,02215,-71.10016,42.34369,101001003052
2014,2,02215,-71.098428,42.344147,101001003053
2014,2,02128,-71.0312,42.38024,101001003056
2014,2,02116,-71.07156,42.34614,101001003061
2014,2,02125,-71.0554,42.31102,101001003065
2014,2,02120,-71.10371,42.33435,101001003067
2014,2,02115,-71.085031,42.344433,101001003069
2014,2,02126,-71.09578,42.2682,101001003071
2014,2,02643,-71.109605,42.317557,101001003073
2014,2,02135,-71.142221,42.355826,101001003075
2014,2,02118,-71.0772,42.34067,101001003077
2014,2,02643,-71.062852,42.353458,101001003078
2014,2,02128,-71.0353,42.36789,101001003081
2014,2,02119,-71.091708,42.321187,101001003083
2014,2,02129,-71.062837,42.378454,101001003085
2014,2,02643,-71.13782,42.34682,101001003087
2014,2,02111,-71.062852,42.353458,101001003089
2014,3,02115,-71.089145,42.342293,101001008313
2014,3,02125,-71.07564,42.31551,101001008315
2014,3,02116,-71.0587,42.3594,101001008316
2014,3,02643,-71.016258,42.385092,101001008317
2014,3,02136,-71.132132,42.237883,101001008319
2014,3,02111,-71.059999,42.35052,101001008321
2014,3,02130,-71.095785,42.292819,101001008322
2014,3,02124,-71.06941,42.29663,101001008323
2014,3,02124,-71.084938,42.281243,101001008325
2014,3,02129,-71.06515,42.37968,101001008327
2014,3,02116,-71.07249,42.3464,101001008328
2014,3,02127,-71.02807,42.33728,101001008330
2014,3,02131,-71.14518,42.28544,101001008334
2014,3,02132,-71.15599,42.29324,101001008336
2014,4,02129,-71.065058,42.375341,101001008652
2014,4,02111,-71.06225,42.35096,101001008653
2014,4,02127,-71.051263,42.338025,101001008654
2014,4,02643,-71.050254,42.363289,101001008656
2014,4,02132,-71.15657,42.27543,101001008658
2014,4,02643,-71.06939,42.38163,101001008660
2014,4,02127,-71.04993,42.33545,101001008663
2014,4,02127,-71.0509,42.3383,101001008664
2014,4,02127,-71.0587,42.3594,101001008668
2014,4,02128,-71.03224,42.37525,101001008669
2014,5,02643,-71.10895,42.28604,101001011885
2014,5,02119,-71.0587,42.3594,101001011888
2014,5,02643,-71.14083,42.34436,101001011889
2014,5,02643,-71.16283,42.2915,101001011891
2014,5,02643,-71.14717,42.27211,101001011892
2014,5,02118,-71.08014,42.33786,101001011896
2014,5,02109,-71.051898,42.363673,101001011898
2014,5,02135,-71.146785,42.35888,101001011900
2014,5,02124,-71.09027,42.2971,101001011902
2014,5,02124,-71.08162,42.28004,101001011904
2014,5,02643,-71.135805,42.350953,101001011906
2014,5,02136,-71.11921,42.26384,101001011907
2014,5,02643,-71.0587,42.3594,101001011909
2014,5,02124,-71.06048,42.28843,101001011911
2014,5,02124,-71.06484,42.285,101001011915
2014,5,02124,-71.06484,42.285,101001011916
2014,5,02116,-71.069921,42.350707,101001011919
2014,5,02124,-71.06512,42.271497,101001011920
2014,5,02124,-71.09027,42.2971,101001011922
2014,5,02128,-71.02837,42.38051,101001011924
2014,6,02131,-71.14579,42.28451,101001012210
2014,6,02125,-71.06503,42.31117,101001012212
2014,6,02643,-71.050254,42.363289,101001012213
2014,6,02122,-71.05528,42.288415,101001012214
2014,6,02643,-71.15807,42.28447,101001012216
2014,6,02215,-71.10693,42.34689,101001012217
2014,6,02124,-71.05681,42.29058,101001012218
2014,6,02643,-71.10644,42.27241,101001012220
2014,6,02125,-71.07728,42.31583,101001012223
2014,6,02643,-71.056876,42.283972,101001012225
2014,6,02643,-71.16395,42.28987,101001012227
2014,6,02122,-71.04101,42.29137,101001012228
2014,6,02126,-71.10287,42.26795,101001012233
2014,6,02125,-71.05892,42.32063,101001012235
2014,6,02643,-71.0587,42.3594,101001012237
2014,6,02116,-71.068878,42.351307,101001012239
2014,6,02116,-71.068878,42.351307,101001012242
2014,6,02116,-71.068878,42.351307,101001012244
2014,6,02127,-71.05782,42.32768,101001012246
2014,6,02129,-71.060913,42.37134,101001012250
2014,7,02643,-71.161,42.27394,101001016665
2014,7,02113,-71.05367,42.3655,101001016666
2014,7,02130,-71.10758,42.31912,101001016669
2014,7,02643,-71.05228,42.3541,101001016671
2014,7,02125,-71.05796,42.3134,101001016672
2014,7,02124,-71.085573,42.284368,101001016674
2014,7,02124,-71.085573,42.284368,101001016673
2014,7,02643,-71.13827,42.34705,101001016676
2014,8,02643,-71.057146,42.310494,101001016955
2014,8,02131,-71.13772,42.2844,101001016956
2014,8,02643,-71.057146,42.310494,101001016957
2014,8,02135,-71.1497,42.3399,101001016961
2014,8,02116,-71.07313,42.34512,101001016963
2014,9,02643,-71.105293,42.273215,101001021835
2014,9,02118,-71.08127,42.3424,101001021836
2014,9,02128,-71.01866,42.383371,101001021837
2014,9,02118,-71.08092,42.34217,101001021838
2014,9,02122,-71.06326,42.30131,101001021840
2014,9,02122,-71.06572,42.3069,101001021842
2014,9,02643,-71.12957,42.2803,101001021844
2014,9,02124,-71.06808,42.29793,101001021846
2014,9,02113,-71.05543,42.365668,101001021847
2014,9,02127,-71.044097,42.336995,101001021852
2014,9,02131,-71.12744,42.27234,101001021853
2014,9,02643,-71.062842,42.353067,101001021854
2014,9,02118,-71.0587,42.3594,101001021855
2014,9,02127,-71.048117,42.333806,101001021857
2014,9,02643,-71.062842,42.353067,101001021858
2014,9,02125,-71.070698,42.319866,101001021860
2014,9,02125,-71.070698,42.319866,101001021862
2014,10,02127,-71.03816,42.33741,101001022180
2014,10,02119,-71.0587,42.3594,101001022183
2014,10,02119,-71.0587,42.3594,101001022185
2014,10,02643,-71.16903,42.293782,101001022188
2014,10,02215,-71.101981,42.343633,101001022190
2014,10,02121,-71.085522,42.300944,101001022192
2014,10,02130,-71.10385,42.31554,101001022194
2014,10,02118,-71.08005,42.33971,101001022195
2014,10,02118,-71.077875,42.337613,101001022198
2014,10,02118,-71.079251,42.339006,101001022200
2014,10,02643,-71.050254,42.363289,101001022202
2014,10,02643,-71.050254,42.363289,101001022203
2014,10,02643,-71.069562,42.380581,101001022204
2014,10,02643,-71.069562,42.380581,101001022205
2014,10,02643,-71.069562,42.380581,101001022206
2014,10,02643,-71.05228,42.3541,101001022207
2014,10,02110,-71.05201,42.35736,101001022208
2014,10,02110,-71.05201,42.35736,101001022209
2014,10,02643,-71.1132,42.26623,101001022210
2014,10,02128,-71.03829,42.36907,101001022212
2014,10,02643,-71.06922,42.27402,101001022213
2014,10,02643,-71.141802,42.34351,101001022214
2014,10,02128,-71.0384,42.36978,101001022216
2014,10,02643,-71.06229,42.37762,101001022217
2014,10,02129,-71.063869,42.379417,101001022218
2014,10,02643,-71.06206,42.30717,101001022219
2014,10,02643,-71.06206,42.30717,101001022220
2014,10,02643,-71.069636,42.295447,101001022222
2014,10,02643,-71.11551,42.30036,101001022221
2014,10,02643,-71.11551,42.30036,101001022223
2014,10,02643,-71.11564,42.30032,101001022224
2014,10,02120,-71.08517,42.3357,101001022229
2014,10,02129,-71.060506,42.373367,101001022231
2014,10,02643,-71.06933,42.3816,101001022232
2014,10,02135,-71.147567,42.337629,101001022235
2014,10,02127,-71.03069,42.33592,101001022236
2014,10,02129,-71.060989,42.373513,101001022238
2014,10,02215,-71.0587,42.3594,101001022240
2014,11,02135,-71.149489,42.34552,101001027494
2014,11,02119,-71.07567,42.32099,101001027498
2014,11,02116,-71.077361,42.35068,101001027499
2014,11,02127,-71.054661,42.342773,101001027501
2014,11,02643,-71.0568,42.34088,101001027503
2014,11,02118,-71.06952,42.33735,101001027504
2014,11,02643,-71.06756,42.296,101001027506
2014,11,02134,-71.12851,42.35984,101001027507
2014,11,02127,-71.053695,42.334312,101001027508
2014,11,02643,-71.154394,42.34844,101001027509
2014,11,02643,-71.154394,42.34844,101001027510
2014,11,02643,-71.069,42.29562,101001027512
2014,11,02135,-71.147332,42.345917,101001027513
2014,11,02130,-71.12417,42.31056,101001027515
2014,11,02643,-71.13788,42.3478,101001027517
2014,11,02108,-71.058274,42.36042,101001027519
2014,11,02643,-71.10193,42.31884,101001027520
2014,11,02124,-71.07355,42.28285,101001027522
2014,11,02114,-71.06995,42.35969,101001027524
2014,11,02121,-71.0587,42.3594,101001027526
2014,11,02109,-71.05227,42.36534,101001027529
2014,11,02643,-71.11536,42.30043,101001027531
2014,11,02109,-71.05227,42.36534,101001027532
2014,11,02130,-71.11368,42.32274,101001027534
2014,11,02643,-71.16395,42.28987,101001027535
2014,12,02132,-71.14843,42.29507,101001028006
2014,12,02643,-71.06882,42.29597,101001028007
2014,12,02136,-71.0587,42.3594,101001028010
2014,12,02122,-71.06004,42.29428,101001028011
2014,12,02129,-71.060605,42.373688,101001028012
2014,12,02643,-71.09268,42.31448,101001028015
2014,12,02129,-71.07185,42.38236,101001028016
2014,12,02643,-71.047083,42.347461,101001028018
2014,12,02130,-71.10855,42.301863,101001028020
2014,12,02108,-71.0579,42.360116,101001028021
2014,12,02643,-71.067925,42.336512,101001028023
2014,12,02128,-71.03354,42.38212,101001028026
2014,12,02128,-71.033584,42.382419,101001028027
2014,12,02122,-71.05575,42.28974,101001028031
2014,12,02134,-71.12858,42.35112,101001028033
2014,12,02130,-71.11003,42.3147,101001028037
2014,12,02122,-71.0587,42.3594,101001028038
2014,13,02135,-71.149822,42.347827,101001033590
2014,13,02643,-71.051317,42.357453,101001033591
2014,13,02643,-71.06961,42.3076,101001033594
2014,13,02643,-71.11925,42.26219,101001033595
2014,13,02127,-71.02737,42.33637,101001033596
2014,13,02643,-71.13991,42.28871,101001033598
2014,13,02119,-71.07046,42.32951,101001033601
2014,13,02121,-71.078348,42.301966,101001033605
2014,13,02121,-71.078348,42.301966,101001033608
2014,13,02643,-71.086546,42.325632,101001033609
2014,13,02135,-71.167188,42.349223,101001033610
2014,13,02215,-71.095,42.35016,101001033614
2014,13,02116,-71.065481,42.351377,101001033616
2014,13,02121,-71.09254,42.31409,101001033620
2014,13,02108,-71.06084,42.35845,101001033622
2014,13,02120,-71.10364,42.32772,101001033624
2014,13,02643,-71.13569,42.35889,101001033625
2014,13,02108,-71.059979,42.358002,101001033628
2014,13,02643,-71.12631,42.28667,101001033629
2014,13,02135,-71.16955,42.34995,101001033630
2014,13,02129,-71.07117,42.38128,101001033631
2014,13,02108,-71.06084,42.35845,101001033632
2014,13,02643,-71.089487,42.328678,101001033633
2014,13,02124,-71.07171,42.29837,101001033635
2014,13,02131,-71.14189,42.27965,101001033637
2014,13,02131,-71.14189,42.27965,101001033639
2014,13,02131,-71.11503,42.30015,101001033640
2014,13,02131,-71.14189,42.27965,101001033641
2014,13,02131,-71.11503,42.30015,101001033642
2014,13,02643,-71.13409,42.35894,101001033643
2014,13,02124,-71.071656,42.298271,101001033645
2014,13,02643,-71.138537,42.346749,101001033647
2014,13,02118,-71.076974,42.336159,101001033650
2014,13,02130,-71.11322,42.32385,101001033653
2014,13,02119,-71.074653,42.330742,101001033655
2014,13,02643,-71.159318,42.349314,101001033657
2014,13,02643,-71.14102,42.28944,101001033659
2014,13,02643,-71.06173,42.28691,101001033661
2014,13,02125,-71.06162,42.31659,101001033663
2014,14,02135,-71.16955,42.34995,101001034122
2014,14,02643,-71.12631,42.28667,101001034123
2014,14,02127,-71.05101,42.33612,101001034128
2014,14,02643,-71.050254,42.363289,101001034129
2014,14,02108,-71.05959,42.3588,101001034131
2014,14,02118,-71.078309,42.338153,101001034133
2014,14,02132,-71.15385,42.27657,101001034135
2014,14,02215,-71.101293,42.342287,101001034136
2014,14,02131,-71.12651,42.28099,101001034137
2014,14,02643,-71.05562,42.28835,101001034138
2014,14,02129,-71.075124,42.379857,101001034139
2014,14,02643,-71.059056,42.37416,101001034141
2014,14,02116,-71.072793,42.346059,101001034144
2014,14,02643,-71.12419,42.35974,101001034145
2014,14,02110,-71.05201,42.35736,101001034146
2014,14,02643,-71.059056,42.37416,101001034148
2014,14,02643,-71.0587,42.3594,101001034151
2014,14,02643,-71.121555,42.360496,101001034153
2014,14,02113,-71.0587,42.3594,101001034154
2014,14,02643,-71.0587,42.3594,101001034156
2014,14,02120,-71.0587,42.3594,101001034158
2014,14,02643,-71.069804,42.381608,101001034160
2014,14,02111,-71.06214,42.356,101001034164
2014,15,02114,-71.06583,42.359743,101001038600
2014,15,02118,-71.07758,42.3373,101001038602
2014,15,02130,-71.11827,42.31076,101001038603
2014,15,02119,-71.07481,42.32603,101001038604
2014,15,02124,-71.075471,42.293879,101001038606
2014,15,02643,-71.134546,42.291351,101001038608
2014,15,02643,-71.08612,42.29682,101001038610
2014,15,02111,-71.059999,42.35052,101001038614
2014,15,02124,-71.07705,42.29152,101001038616
2014,15,02643,-71.0587,42.3594,101001038617
2014,15,02131,-71.11852,42.28546,101001038623
2014,16,02643,-71.13381,42.29077,101001038882
2014,16,02118,-71.08117,42.33859,101001038883
2014,16,02134,-71.119275,42.359927,101001038886
2014,16,02121,-71.08662,42.30658,101001038887
2014,16,02125,-71.056988,42.314793,101001038888
2014,16,02643,-71.085991,42.325009,101001038890
2014,16,02125,-71.056988,42.314793,101001038891
2014,16,02643,-71.12851,42.26804,101001038893
2014,16,02127,-71.033112,42.335453,101001038895
2014,16,02122,-71.059143,42.303428,101001038896
2014,16,02127,-71.03877,42.33542,101001038897
2014,16,02118,-71.06523,42.34256,101001038899
2014,16,02643,-71.06329,42.32933,101001038900
2014,16,02116,-71.065829,42.351899,101001038902
2014,17,02643,-71.067808,42.284969,101001043017
2014,17,02126,-71.08498,42.27868,101001043018
2014,17,02122,-71.05558,42.2943,101001043020
2014,17,02132,-71.14927,42.26228,101001043021
2014,17,02115,-71.08886,42.35035,101001043023
2014,17,02121,-71.07325,42.30518,101001043025
2014,18,02131,-71.1215,42.27993,101001043230
2014,18,02643,-71.05661,42.29804,101001043233
2014,18,02128,-71.0587,42.3594,101001043235
2014,18,02119,-71.084014,42.324056,101001043238
2014,18,02643,-71.07027,42.34648,101001043239
2014,18,02643,-71.06701,42.28795,101001043242
2014,18,02108,-71.06258,42.35857,101001043244
2014,19,02643,-71.06984,42.34669,101001047510
2014,19,02121,-71.075594,42.305572,101001047512
2014,19,02643,-70.99877,42.38244,101001047514
2014,19,02643,-71.0587,42.3594,101001047515
2014,19,02643,-71.05347,42.30051,101001047518
2014,19,02643,-71.0587,42.3594,101001047519
2014,19,02643,-71.072338,42.333935,101001047521
2014,19,02119,-71.0587,42.3594,101001047523
2014,19,02113,-71.05463,42.36388,101001047525
2014,19,02114,-71.06768,42.36072,101001047526
2014,19,02114,-71.06459,42.35991,101001047528
2014,19,02111,-71.061809,42.35493,101001047530
2014,20,02643,-71.0587,42.3594,101001047823
2014,20,02108,-71.0659,42.3582,101001047825
2014,20,02643,-71.0587,42.3594,101001047827
2014,20,02130,-71.11584,42.30875,101001047829
2014,20,02116,-71.07325,42.35277,101001047830
2014,20,02643,-71.14277,42.25416,101001047832
2014,20,02643,-71.14277,42.25416,101001047833
2014,20,02643,-71.141121,42.289494,101001047835
2014,20,02134,-71.13219,42.35242,101001047836
2014,20,02128,-71.00213,42.38821,101001047838
2014,20,02643,-71.06641,42.374114,101001047839
2014,20,02125,-71.06121,42.31871,101001047841
2014,20,02135,-71.15597,42.34034,101001047842
2014,20,02135,-71.1597,42.34058,101001047843
2014,20,02135,-71.14991,42.33575,101001047845
2014,20,02135,-71.14885,42.336624,101001047846
2014,20,02643,-71.0587,42.3594,101001047848
2014,20,02643,-71.0587,42.3594,101001047850
2014,20,02643,-71.0587,42.3594,101001047852
2014,20,02124,-71.07758,42.29247,101001047854
2014,21,02120,-71.104037,42.333619,101001052058
2014,21,02643,-71.069929,42.328102,101001052059
2014,21,02118,-71.07839,42.33735,101001052060
2014,21,02131,-71.12926,42.28564,101001052064
2014,21,02121,-71.07918,42.30479,101001052066
2014,21,02121,-71.07918,42.30479,101001052067
2014,21,02643,-71.069645,42.318013,101001052069
2014,21,02110,-71.05379,42.35469,101001052072
2014,21,02118,-71.07469,42.33704,101001052074
2014,21,02118,-71.07183,42.34281,101001052076
2014,21,02132,-71.15742,42.2619,101001052077
2014,21,02643,-71.14716,42.28519,101001052081
2014,21,02215,-71.08987,42.34858,101001052082
2014,21,02215,-71.08904,42.34859,101001052083
2014,21,02115,-71.08497,42.34961,101001052084
2014,21,02116,-71.08167,42.3505,101001052085
2014,21,02643,-71.07477,42.29773,101001052088
2014,22,02131,-71.13971,42.28026,101001052288
2014,22,02116,-71.07972,42.35322,101001052290
2014,22,02116,-71.07972,42.35322,101001052292
2014,22,02124,-71.06674,42.29902,101001052294
2014,22,02643,-71.07529,42.33253,101001052296
2014,22,02215,-71.09639,42.348498,101001052297
2014,22,02121,-71.07343,42.30304,101001052299
2014,22,02135,-71.14631,42.33745,101001052300
2014,22,02128,-71.03498,42.37651,101001052302
2014,22,02643,-71.11941,42.30523,101001052304
2014,23,02129,-71.06522,42.3797,101001056645
2014,23,02121,-71.07648,42.30759,101001056647
2014,23,02127,-71.05677,42.34214,101001056650
2014,23,02643,-71.06671,42.28424,101001056652
2014,23,02643,-71.11596,42.30709,101001056655
2014,23,02135,-71.16118,42.35377,101001056657
2014,23,02124,-71.07629,42.2865,101001056658
2014,24,02124,-71.06625,42.27966,101001056925
2014,24,02119,-71.08178,42.32213,101001056927
2014,24,02128,-71.00192,42.38473,101001056929
2014,24,02116,-71.072,42.34572,101001056930
2014,24,02119,-71.0587,42.3594,101001056931
2014,24,02126,-71.07748,42.27525,101001056932
2014,24,02132,-71.14826,42.27611,101001056933
2014,24,02643,-71.11645,42.30697,101001056937
2014,24,02643,-71.13895,42.34569,101001056941
2014,24,02128,-71.03612,42.368283,101001056942
2014,24,02132,-71.0587,42.3594,101001056944
2014,25,02128,-71.00849,42.3892,101001061394
2014,25,02128,-71.02322,42.38105,101001061396
2014,25,02134,-71.13299,42.3498,101001061397
2014,25,02119,-71.0728,42.32319,101001061399
2014,25,02643,-71.106132,42.31138,101001061403
2014,25,02643,-71.1009,42.31764,101001061409
2014,25,02643,-71.1009,42.31764,101001061412
2014,26,02129,-71.06688,42.37782,101001061733
2014,26,02109,-71.0523,42.36641,101001061736
2014,26,02122,-71.05165,42.29268,101001061737
2014,26,02121,-71.079058,42.30784,101001061739
2014,26,02643,-71.13579,42.35192,101001061741
2014,27,02643,-71.10861,42.28603,101001066651
2014,27,02643,-71.16976,42.35273,101001066656
2014,27,02643,-71.135857,42.359311,101001066657
2014,27,02215,-71.09896,42.34394,101001066658
2014,27,02134,-71.13324,42.35741,101001066660
2014,27,02108,-71.0579,42.360116,101001066661
2014,27,02127,-71.04879,42.3328,101001066664
2014,27,02131,-71.13031,42.27334,101001066666
2014,27,02643,-71.050254,42.363289,101001066668
2014,27,02129,-71.065822,42.380054,101001066671
2014,27,02121,-71.07975,42.30227,101001066673
2014,27,02116,-71.069099,42.351363,101001066674
2014,27,02643,-71.126595,42.286835,101001066675
2014,27,02643,-71.126595,42.286835,101001066676
2014,29,02115,-71.08096,42.34363,101001071557
2014,29,02129,-71.07802,42.38313,101001071559
2014,29,02135,-71.13897,42.3556,101001071561
2014,29,02124,-71.0587,42.3594,101001071565
2014,29,02119,-71.08848,42.32272,101001071570
2014,29,02643,-71.0587,42.3594,101001071572
2014,29,02129,-71.05735,42.38035,101001071576
2014,30,02643,-71.116134,42.277331,101001071835
2014,30,02643,-71.116134,42.277331,101001071837
2014,30,02120,-71.090838,42.334127,101001071839
2014,30,02125,-71.06888,42.30738,101001071842
2014,30,02128,-71.01474,42.38147,101001071843
2014,30,02111,-71.05844,42.35052,101001071845
2014,30,02215,-71.09045,42.34736,101001071847
2014,30,02121,-71.072795,42.311051,101001071850
2014,31,02643,-71.06206,42.30717,101001075937
2014,31,02119,-71.09119,42.32865,101001075939
2014,31,02136,-71.12526,42.25981,101001075942
2014,31,02130,-71.11059,42.30782,101001075943
2014,31,02118,-71.07464,42.34261,101001075944
2014,31,02108,-71.0653,42.35772,101001075946
2014,31,02125,-71.053287,42.316495,101001075947
2014,31,02114,-71.07048,42.35746,101001075954
2014,31,02122,-71.05405,42.284,101001075955
2014,31,02135,-71.157901,42.341388,101001075957
2014,31,02128,-71.034039,42.371516,101001075958
2014,31,02118,-71.06914,42.34281,101001075960
2014,31,02643,-71.09318,42.31465,101001075962
2014,32,02114,-71.07054,42.35965,101001076199
2014,32,02135,-71.14841,42.34253,101001076202
2014,32,02114,-71.07054,42.35965,101001076204
2014,32,02643,-71.06113,42.30504,101001076206
2014,32,02118,-71.07528,42.33938,101001076210
2014,32,02643,-71.106132,42.31138,101001076212
2014,32,02134,-71.131359,42.355851,101001076214
2014,32,02119,-71.071551,42.322548,101001076216
2014,32,02114,-71.07054,42.35965,101001076220
2014,33,02643,-71.068853,42.271392,101001080727
2014,33,02643,-71.06189,42.27478,101001080728
2014,33,02215,-71.093323,42.347004,101001080729
2014,33,02116,-71.068123,42.34922,101001080730
2014,33,02130,-71.10189,42.3134,101001080732
2014,33,02215,-71.102201,42.344649,101001080733
2014,33,02643,-71.06934,42.29583,101001080735
2014,33,02643,-71.06934,42.29583,101001080738
2014,33,02124,-71.06929,42.27597,101001080740
2014,33,02215,-71.102201,42.344649,101001080744
2014,33,02130,-71.10172,42.31155,101001080745
2014,33,02135,-71.15191,42.35117,101001080746
2014,33,02643,-71.09896,42.32218,101001080751
2014,33,02643,-71.087012,42.280373,101001080755
2014,33,02120,-71.084701,42.336722,101001080756
2014,33,02125,-71.06277,42.31902,101001080758
2014,33,02126,-71.07513,42.27443,101001080760
2014,33,02124,-71.06987,42.29571,101001080761
2014,34,02125,-71.0587,42.3594,101001081081
2014,34,02643,-71.07027,42.34648,101001081082
2014,34,02643,-71.06984,42.31664,101001081085
2014,34,02127,-71.0311,42.33641,101001081086
2014,34,02643,-71.062437,42.274212,101001081087
2014,34,02130,-71.0587,42.3594,101001081088
2014,34,02130,-71.10839,42.3106,101001081089
2014,34,02121,-71.08677,42.31458,101001081091
2014,34,02128,-71.04022,42.37704,101001081092
2014,34,02128,-71.040039,42.376441,101001081094
2014,34,02643,-71.10366,42.31628,101001081096
2014,34,02643,-71.141442,42.34384,101001081097
2014,34,02124,-71.07071,42.2968,101001081099
2014,34,02124,-71.05793,42.29167,101001081101
2014,34,02108,-71.058274,42.36042,101001081103
2014,35,02111,-71.06492,42.34797,101001086025
2014,35,02134,-71.12861,42.35787,101001086026
2014,35,02135,-71.0587,42.3594,101001086034
2014,35,02643,-71.09904,42.320812,101001086036
2014,35,02122,-71.05956,42.29737,101001086038
2014,35,02121,-71.09034,42.30899,101001086040
2014,35,02643,-71.09904,42.320812,101001086042
2014,35,02126,-71.102726,42.276752,101001086043
2014,35,02643,-71.16979,42.28388,101001086047
2014,35,02643,-71.0587,42.3594,101001086048
2014,35,02643,-71.16268,42.27246,101001086049
2014,36,02643,-71.14761,42.27121,101001086387
2014,36,02643,-71.134435,42.35823,101001086390
2014,36,02125,-71.062437,42.31721,101001086394
2014,36,02124,-71.07579,42.29353,101001086396
2014,36,02119,-71.095153,42.322967,101001086397
2014,36,02643,-71.106167,42.311228,101001086399
2014,36,02131,-71.12559,42.28925,101001086402
2014,36,02643,-71.050254,42.363289,101001086404
2014,36,02130,-71.11355,42.31233,101001086406
2014,36,02125,-71.05601,42.31231,101001086408
2014,36,02136,-71.13854,42.24823,101001086410
2014,36,02126,-71.10924,42.2664,101001086411
2014,36,02132,-71.16191,42.25893,101001086413
2014,36,02115,-71.086129,42.348005,101001086414
2014,36,02643,-71.101249,42.317986,101001086415
2014,36,02110,-71.05091,42.36012,101001086417
2014,36,02134,-71.13449,42.36229,101001086418
2014,36,02643,-71.132763,42.285711,101001086420
2014,36,02643,-71.14716,42.28519,101001086422
2014,36,02108,-71.06258,42.35857,101001086425
2014,37,02643,-71.0587,42.3594,101001091631
2014,37,02134,-71.12714,42.35871,101001091633
2014,37,02643,-71.068853,42.271392,101001091634
2014,37,02135,-71.161527,42.348375,101001091636
2014,37,02643,-71.06877,42.38145,101001091638
2014,37,02111,-71.0571,42.35031,101001091640
2014,37,02120,-71.0587,42.3594,101001091642
2014,37,02643,-71.16107,42.27359,101001091643
2014,37,02125,-71.07076,42.30874,101001091645
2014,37,02215,-71.10402,42.34771,101001091647
2014,37,02215,-71.098393,42.346353,101001091649
2014,37,02129,-71.06338,42.38038,101001091651
2014,37,02643,-71.106132,42.31138,101001091653
2014,37,02135,-71.14689,42.34229,101001091654
2014,37,02643,-71.168582,42.293407,101001091656
2014,37,02643,-71.06206,42.30717,101001091668
2014,37,02130,-71.11879,42.3132,101001091673
2014,37,02643,-71.063281,42.325094,101001091674
2014,37,02122,-71.0479,42.291712,101001091684
2014,37,02116,-71.065997,42.348522,101001091688
2014,38,02643,-71.068756,42.337175,101001091916
2014,38,02643,-71.17076,42.35226,101001091918
2014,38,02643,-71.068853,42.271392,101001091920
2014,38,02643,-71.108,42.30855,101001091921
2014,38,02643,-71.068853,42.271392,101001091923
2014,38,02131,-71.1073,42.286995,101001091925
2014,38,02643,-71.0587,42.3594,101001091926
2014,38,02643,-71.068853,42.271392,101001091928
2014,38,02643,-71.074,42.29162,101001091930
2014,38,02121,-71.08788,42.30939,101001091932
2014,38,02125,-71.06115,42.31054,101001091933
2014,39,02128,-71.03882,42.38009,101001096681
2014,39,02643,-71.01805,42.38561,101001096683
2014,39,02130,-71.106,42.30928,101001096685
2014,39,02119,-71.09159,42.32028,101001096687
2014,39,02643,-71.04938,42.28968,101001096689
2014,39,02134,-71.12861,42.35787,101001096690
2014,39,02643,-71.165745,42.273995,101001096692
2014,39,02118,-71.07717,42.34324,101001096694
2014,39,02125,-71.05717,42.31428,101001096696
2014,39,02134,-71.134378,42.351726,101001096698
2014,39,02134,-71.134378,42.351726,101001096700
2014,39,02136,-71.0587,42.3594,101001096702
2014,39,02122,-71.06572,42.3069,101001096704
2014,39,02125,-71.05827,42.31982,101001096709
2014,39,02643,-71.050254,42.363289,101001096711
2014,39,02130,-71.10555,42.31705,101001096712
2014,39,02124,-71.06517,42.28803,101001096716
2014,39,02130,-71.11063,42.32169,101001096719
2014,39,02136,-71.12155,42.24882,101001096721
2014,39,02121,-71.08109,42.30539,101001096723
2014,39,02125,-71.05864,42.32542,101001096724
2014,40,02215,-71.0587,42.3594,101001096979
2014,40,02643,-71.135474,42.358845,101001096981
2014,40,02643,-71.0587,42.3594,101001096982
2014,40,02135,-71.15089,42.35632,101001096984
2014,40,02116,-71.08046,42.35301,101001096987
2014,40,02643,-71.10394,42.34619,101001096989
2014,40,02643,-71.05628,42.31143,101001096990
2014,40,02215,-71.0587,42.3594,101001096992
2014,41,02130,-71.10885,42.30544,101001100718
2014,41,02643,-71.062842,42.353067,101001100719
2014,41,02113,-71.05401,42.36376,101001100720
2014,41,02215,-71.0587,42.3594,101001100721
2014,41,02643,-71.13832,42.34707,101001100722
2014,41,02127,-71.03754,42.33496,101001100723
2014,41,02128,-71.03567,42.36778,101001100725
2014,41,02135,-71.16279,42.3534,101001100728
2014,41,02128,-71.034317,42.377522,101001100729
2014,41,02643,-71.062852,42.353458,101001100730
2014,42,02119,-71.0587,42.3594,101001100985
2014,42,02643,-71.0587,42.3594,101001100986
2014,42,02118,-71.08262,42.339592,101001100987
2014,42,02136,-71.11977,42.26384,101001100990
2014,42,02124,-71.06762,42.29369,101001100992
2014,42,02643,-71.11625,42.30784,101001100993
2014,42,02119,-71.08743,42.32333,101001100994
2014,42,02643,-71.16979,42.28388,101001100995
2014,42,02643,-71.16979,42.28388,101001100996
2014,42,02643,-71.16979,42.28388,101001100997
2014,43,02643,-71.050254,42.363289,101001104853
2014,43,02129,-71.063313,42.373071,101001104854
2014,43,02129,-71.0635,42.37368,101001104855
2014,43,02129,-71.0635,42.37368,101001104856
2014,43,02130,-71.11248,42.31708,101001104858
2014,43,02643,-71.07027,42.34648,101001104859
2014,43,02127,-71.0473,42.33251,101001104861
2014,43,02125,-71.0704,42.31286,101001104862
2014,43,02643,-71.13501,42.28133,101001104863
2014,43,02643,-71.16987,42.28178,101001104864
2014,43,02136,-71.125801,42.258859,101001104865
2014,43,02116,-71.07431,42.34482,101001104867
2014,44,02643,-71.07366,42.34559,101001105102
2014,44,02643,-71.06206,42.30717,101001105104
2014,44,02643,-71.09904,42.320812,101001105105
2014,44,02643,-71.16242,42.27111,101001105106
2014,44,02643,-71.099495,42.320992,101001105107
2014,44,02114,-71.070362,42.36203,101001105108
2014,44,02643,-71.059056,42.37416,101001105113
2014,44,02130,-71.10309,42.31391,101001105114
2014,44,02126,-71.0587,42.3594,101001105115
2014,44,02114,-71.07014,42.36259,101001105120
2014,44,02124,-71.06938,42.28344,101001105122
2014,44,02132,-71.15416,42.26129,101001105124
2014,44,02124,-71.07696,42.28608,101001105125
2014,44,02643,-71.00158,42.38549,101001105126
2014,45,02130,-71.11159,42.3175,101001108751
2014,45,02135,-71.147409,42.354081,101001108752
2014,45,02115,-71.080311,42.34417,101001108753
2014,45,02132,-71.15265,42.27525,101001108754
2014,45,02125,-71.05892,42.32063,101001108757
2014,45,02643,-71.14716,42.28519,101001108758
2014,45,02131,-71.139,42.27985,101001108759
2014,45,02131,-71.120582,42.278425,101001108760
2014,45,02120,-71.104985,42.331966,101001108762
2014,45,02135,-71.1685,42.34972,101001108764
2014,45,02135,-71.16555,42.35049,101001108765
2014,45,02643,-71.142159,42.283382,101001108766
2014,45,02643,-71.142159,42.283382,101001108767
2014,45,02643,-71.0506,42.362473,101001108768
2014,45,02125,-71.0635,42.32032,101001108770
2014,45,02132,-71.16737,42.2834,101001108771
2014,45,02643,-71.0587,42.3594,101001108772
2014,45,02118,-71.083527,42.338841,101001108773
2014,45,02118,-71.08022,42.34213,101001108774
2014,45,02118,-71.07877,42.34271,101001108775
2014,46,02118,-71.08014,42.33878,101001108931
2014,46,02120,-71.10267,42.3344,101001108932
2014,46,02119,-71.098588,42.31522,101001108933
2014,46,02121,-71.07922,42.31232,101001108934
2014,46,02130,-71.10049,42.31334,101001108935
2014,46,02643,-71.164109,42.290329,101001108937
2014,46,02643,-71.069252,42.281945,101001108938
2014,46,02643,-71.05682,42.35085,101001108940
2014,46,02643,-71.05546,42.31395,101001108941
2014,46,02643,-71.131356,42.357989,101001108942
2014,46,02643,-71.15318,42.35188,101001108943
2014,46,02643,-71.07557,42.34506,101001108945
2014,46,02129,-71.059982,42.375637,101001108947
2014,46,02128,-71.039319,42.368834,101001108948
2014,46,02128,-71.039459,42.368563,101001108949
2014,46,02114,-71.062109,42.360584,101001108950
2014,46,02121,-71.08188,42.2972,101001108951
2014,46,02128,-71.039008,42.368739,101001108952
2014,47,02115,-71.08812,42.34503,101001113106
2014,47,02115,-71.08837,42.34591,101001113107
2014,47,02118,-71.08083,42.34165,101001113108
2014,47,02128,-71.030969,42.364836,101001113109
2014,47,02115,-71.0889,42.34503,101001113110
2014,47,02126,-71.10673,42.26791,101001113112
2014,47,02126,-71.10673,42.26791,101001113113
2014,47,02643,-71.0587,42.3594,101001113114
2014,47,02643,-71.074709,42.29945,101001113115
2014,47,02126,-71.08126,42.27525,101001113116
2014,47,02114,-71.06588,42.35895,101001113117
2014,47,02135,-71.14796,42.3516,101001113119
2014,47,02118,-71.07974,42.33941,101001113121
2014,47,02119,-71.08296,42.33109,101001113122
2014,48,02643,-71.168582,42.293407,101001113351
2014,48,02643,-71.070605,42.381471,101001113353
2014,48,02135,-71.15741,42.34074,101001113354
2014,48,02210,-71.0387,42.34381,101001113355
2014,48,02643,-71.13782,42.34682,101001113356
2014,48,02124,-71.06872,42.28725,101001113357
2014,48,02643,-71.16453,42.28975,101001113359
2014,48,02121,-71.0836,42.30626,101001113360
2014,48,02124,-71.07805,42.28123,101001113361
2014,48,02132,-71.17004,42.28677,101001113363
2014,48,02643,-71.068853,42.271392,101001113365
2014,49,02643,-71.054846,42.342541,101001117683
2014,49,02125,-71.05892,42.32063,101001117684
2014,49,02118,-71.07524,42.33629,101001117687
2014,49,02643,-71.16232,42.27311,101001117688
2014,49,02118,-71.064944,42.343308,101001117689
2014,49,02643,-71.06967,42.31706,101001117691
2014,49,02118,-71.07507,42.33399,101001117693
2014,49,02118,-71.06622,42.34436,101001117695
2014,49,02108,-71.05839,42.36182,101001117696
2014,49,02643,-71.050254,42.363289,101001117697
2014,49,02110,-71.044764,42.348998,101001117698
2014,49,02110,-71.044764,42.348998,101001117699
2014,49,02110,-71.044764,42.348998,101001117700
2014,49,02110,-71.044764,42.348998,101001117701
2014,49,02110,-71.044764,42.348998,101001117702
2014,49,02110,-71.044764,42.348998,101001117703
2014,50,02127,-71.05574,42.34146,101001117911
2014,50,02127,-71.05574,42.34146,101001117912
2014,50,02113,-71.055488,42.363056,101001117914
2014,50,02127,-71.05574,42.34146,101001117916
2014,50,02643,-71.0587,42.3594,101001117919
2014,50,02643,-71.06641,42.374114,101001117921
2014,50,02131,-71.12019,42.28699,101001117922
2014,50,02125,-71.05621,42.30874,101001117924
2014,50,02120,-71.102593,42.329545,101001117925
2014,50,02135,-71.147522,42.339148,101001117926
2014,50,02118,-71.067541,42.344648,101001117929
2014,50,02643,-71.15415,42.34641,101001117930
2014,50,02120,-71.09935,42.33116,101001117931
2014,51,02643,-71.067922,42.360167,101001121752
2014,51,02215,-71.103321,42.347753,101001121753
2014,51,02124,-71.05894,42.288185,101001121754
2014,51,02120,-71.10233,42.32949,101001121755
2014,51,02130,-71.11503,42.32255,101001121756
2014,51,02643,-71.138253,42.30077,101001121757
2014,51,02643,-71.07377,42.34522,101001121759
2014,51,02127,-71.05146,42.33385,101001121761
2014,51,02643,-71.0587,42.3594,101001121762
2014,51,02643,-71.1355,42.359238,101001121766
2014,51,02130,-71.10893,42.32422,101001121769
2014,52,02126,-71.11135,42.26726,101001122080
2014,52,02643,-71.069754,42.31773,101001122084
2014,52,02643,-71.10913,42.26479,101001122086
2014,52,02122,-71.06361,42.30581,101001122089
2014,52,02643,-71.10341,42.321175,101001122090
2014,52,02135,-71.156322,42.340593,101001122091
2014,52,02215,-71.0587,42.3594,101001122092
2014,52,02110,-71.0587,42.3594,101001122093
2014,52,02135,-71.156322,42.340593,101001122095
2014,52,02122,-71.05892,42.29547,101001122099
2014,52,02121,-71.07597,42.29835,101001122101
2014,52,02125,-71.05571,42.32253,101001122102
2014,52,02643,-71.16283,42.2915,101001122105
2014,52,02132,-71.15066,42.28193,101001122106
2014,52,02643,-71.056066,42.289279,101001122108
2014,52,02128,-71.039958,42.369226,101001122109
2014,52,02128,-71.03829,42.37416,101001122111
2014,53,02129,-71.06382,42.37443,101001127277
2014,53,02643,-71.0587,42.3594,101001127278
2014,53,02115,-71.08728,42.340653,101001127279
2014,53,02126,-71.09853,42.27539,101001127281
2014,53,02127,-71.039515,42.335218,101001127284
2014,53,02643,-71.050254,42.363289,101001127286
2014,53,02115,-71.0587,42.3594,101001127287
2014,53,02124,-71.08326,42.28685,101001127289
2014,53,02122,-71.05111,42.29374,101001127290
2014,53,02111,-71.06325,42.3473,101001127291
2014,53,02643,-71.07038,42.28514,101001127295
2014,54,02134,-71.12827,42.35231,101001127477
2014,54,02131,-71.13582,42.29308,101001127479
2014,54,02136,-71.12026,42.27026,101001127480
2014,54,02643,-71.122143,42.263206,101001127481
2014,54,02643,-71.06337,42.30086,101001127482
2014,54,02643,-71.06266,42.27402,101001127483
2014,54,02215,-71.09422,42.34854,101001127484
2014,54,02124,-71.06294,42.2887,101001127485
2014,54,02119,-71.071551,42.322548,101001127486
2014,55,02115,-71.112005,42.332535,101001132494
2014,55,02115,-71.08947,42.34633,101001132496
2014,55,02125,-71.066619,42.315982,101001132498
2014,55,02129,-71.07193,42.38451,101001132499
2014,55,02127,-71.05558,42.32988,101001132501
2014,55,02643,-71.05735,42.29104,101001132502
2014,55,02130,-71.13299,42.30288,101001132504
2014,55,02643,-71.092427,42.328544,101001132506
2014,55,02643,-71.13032,42.28342,101001132509
2014,55,02643,-71.062852,42.353458,101001132511
2014,55,02129,-71.070713,42.385371,101001132513
2014,56,02643,-71.135675,42.359282,101001132756
2014,56,02113,-71.05796,42.3662,101001132758
2014,56,02643,-71.0587,42.3594,101001132759
2014,56,02126,-71.0966,42.26634,101001132761
2014,56,02130,-71.11421,42.32142,101001132762
2014,56,02121,-71.0792,42.30543,101001132765
2014,56,02119,-71.09287,42.32744,101001132767
2014,56,02643,-71.061733,42.274974,101001132768
2014,57,02118,-71.0745,42.33901,101001137455
2014,57,02643,-71.132938,42.361069,101001137456
2014,57,02119,-71.08807,42.31918,101001137457
2014,57,02132,-71.16831,42.28714,101001137458
2014,57,02114,-71.070247,42.357206,101001137459
2014,57,02643,-71.051516,42.361319,101001137462
2014,57,02643,-71.135675,42.359282,101001137464
2014,57,02130,-71.11718,42.29382,101001137466
2014,57,02134,-71.0587,42.3594,101001137469
2014,57,02134,-71.0587,42.3594,101001137471
2014,57,02122,-71.059259,42.29797,101001137473
2014,58,02121,-71.08736,42.31169,101001137658
2014,58,02130,-71.11976,42.30858,101001137663
2014,58,02118,-71.0587,42.3594,101001137666
2014,58,02643,-71.077064,42.331547,101001137667
2014,58,02643,-71.05509,42.34244,101001137668
2014,58,02643,-71.080839,42.286734,101001137669
2014,58,02643,-71.080839,42.286734,101001137670
2014,58,02119,-71.077908,42.330266,101001137671
2014,58,02643,-71.13126,42.28914,101001137674
2014,58,02136,-71.133426,42.234471,101001137675
2014,58,02135,-71.14715,42.33824,101001137676
2014,58,02118,-71.07575,42.33673,101001137678
2014,58,02130,-71.110343,42.319278,101001137679
2014,58,02643,-71.055032,42.288107,101001137681
2014,58,02215,-71.08988,42.351057,101001137682
2014,58,02643,-71.062842,42.353067,101001137684
2014,58,02110,-71.054219,42.352679,101001137685
2014,58,02121,-71.07379,42.30281,101001137686
2014,58,02114,-71.06858,42.36075,101001137689
2014,59,02135,-71.158019,42.348248,101001142130
2014,59,02643,-71.13803,42.34692,101001142131
2014,59,02116,-71.06984,42.34669,101001142133
2014,59,02130,-71.09819,42.31209,101001142134
2014,59,02115,-71.08685,42.34217,101001142135
2014,59,02131,-71.13928,42.28585,101001142137
2014,60,02128,-71.00182,42.38399,101001142312
2014,60,02115,-71.111319,42.333533,101001142313
2014,60,02113,-71.05448,42.36358,101001142314
2014,60,02643,-71.0587,42.3594,101001142315
2014,60,02643,-71.069627,42.381457,101001142316
2014,60,02125,-71.05828,42.31023,101001142317
2014,60,02643,-71.069627,42.381457,101001142318
2014,60,02128,-71.013788,42.382123,101001142319
2014,60,02126,-71.09332,42.28131,101001142320
2014,60,02643,-71.055279,42.285483,101001142323
2014,60,02121,-71.08062,42.31092,101001142324
2014,60,02126,-71.08573,42.27974,101001142325
2014,61,02643,-71.0587,42.3594,101001146746
2014,61,02120,-71.09863,42.33118,101001146747
2014,61,02119,-71.09409,42.32564,101001146748
2014,61,02135,-71.17296,42.35164,101001146750
2014,61,02111,-71.059999,42.35052,101001146753
2014,61,02111,-71.060969,42.351661,101001146754
2014,61,02111,-71.059999,42.35052,101001146755
2014,61,02126,-71.09181,42.27693,101001146756
2014,61,02643,-71.0587,42.3594,101001146757
2014,61,02643,-71.0587,42.3594,101001146758
2014,61,02122,-71.05634,42.29681,101001146759
2014,62,02114,-71.07058,42.36021,101001146951
2014,62,02135,-71.15055,42.34939,101001146953
2014,62,02113,-71.057702,42.364295,101001146954
2014,62,02132,-71.17043,42.29472,101001146955
2014,62,02136,-71.12527,42.26535,101001146956
2014,62,02215,-71.10427,42.34585,101001146959
2014,62,02131,-71.13326,42.28429,101001146960
2014,62,02215,-71.10443,42.34618,101001146961
2014,62,02215,-71.102242,42.345252,101001146962
2014,62,02135,-71.0587,42.3594,101001146963
2014,62,02132,-71.169446,42.29413,101001146964
2014,62,02119,-71.0587,42.3594,101001146965
2014,62,02643,-71.099607,42.320409,101001146966
2014,62,02130,-71.1117,42.3304,101001146967
2014,62,02124,-71.07912,42.28151,101001146968
2014,62,02643,-71.14083,42.34436,101001146969
2014,62,02130,-71.11131,42.31966,101001146970
2014,62,02124,-71.09353,42.28728,101001146971
2014,62,02130,-71.117706,42.290162,101001146972
2014,62,02116,-71.067559,42.34923,101001146973
2014,62,02135,-71.14827,42.34672,101001146975
2014,62,02121,-71.08803,42.30959,101001146976
2014,63,02131,-71.13323,42.28888,101001151395
2014,63,02134,-71.13268,42.35132,101001151396
2014,63,02643,-71.06206,42.30717,101001151397
2014,63,02128,-71.03143,42.38015,101001151398
2014,63,02643,-71.06316,42.34259,101001151401
2014,63,02119,-71.08794,42.33024,101001151402
2014,63,02129,-71.06198,42.37428,101001151403
